ID,名前,種別,初期レベル,レベル限界,初期HP,HP100,初期L ATK,初期L MAT,初期L DEF,初期L MDE,初期G ATK,初期G MAT,初期G DEF,初期G MDE,L ATK100,L MAT100,L DEF100,L MDE100,G ATK100,G MAT100,G DEF100,G MDE100,初期指揮,初期機動,指揮100,機動100,初期回復力,回復100,兵士数,死亡可,捕獲可,解雇可,好感度,ス L ATK,ス L DEF,ス G ATK,サイズ　部下,装備,AI番号,立ち絵画像名,顔アイコン画像名,戦闘リーダープレハブ,戦闘兵士プレハブ,キャラ説明,死亡時セリフ,捕獲時セリフ,逃走時セリフ
0,Alice,0,15,-1,5,200,0,18,12,15,0,12,8,12,0,650,500,630,0,750,450,600,0,10,200,10,50,500,800,1,0,0,100,0,1,118,0,-1,0,000_cv_aliceA,600_fv_aliceA,bv_alice,bv_neomagicsoldier,説明不要だな。クフフフッ！　強くてかっこいい最強の魔女といえば、この私Alice様だ！,Ugh...うそ、だろ……,Error - Please report this bug,ちっ、退却だーー！！！
1,Kuro,2,15,200,3,150,5,0,7,5,5,0,5,2,600,0,530,460,650,0,500,450,0,15,120,15,50,500,800,0,0,0,80,2,3,120,1,-1,2,008_cv_kuroA,608_fv_kuroA,bv_kuro,bv_slave,呼べば出てくる使える部下だ。ババアのころからの古参だな。私がここに来た時からいた気がするが、いったい何歳なのか……。,Queen Alice...,Error - Please report this bug,退却する！
2,Maisie,0,18,-1,2,100,0,15,5,20,0,12,8,12,0,580,480,800,0,580,480,800,0,12,110,12,120,500,600,1,1,0,10,4,5,118,0,-1,0,010_cv_meisieA,610_fv_meisieA,bv_meisie,bv_neomagicsoldier,一応妹弟子ってことになってるが、あいつはよわっちいし、すぐ泣くし、わめくし、口うるさいしでまったくうっとうしい奴だ。,そん…な……、ねえ……さん,いやっ！　ちょっと、離して！,にっ、逃げるわよ！
3,Werewolf,2,18,50,2,120,5,0,7,5,5,0,5,2,510,0,530,430,485,0,490,460,0,15,0,15,50,500,900,0,0,0,0,6,7,120,1,-1,2,011_cv_werewolfA,611_fv_werewolfA,bv_werewolf,bv_slave,Dunno、next,くそ……ここまでか……,Error - Please report this bug,ふんっ、ひとまず退く！
4,Haru,1,1,80,2,50,0,15,10,13,0,12,8,12,0,400,450,500,0,488,407,529,0,12,0,12,50,500,100,1,0,0,0,8,9,119,0,-1,1,013_cv_haruA,613_fv_haruA,bv_haru,bv_magicsoldier,何だがなつかれちまったみたいだな。いつも私の周りをうっとうしく付きまとってくる奴だ。別に悪いってわけじゃねえけどさぁ……。,いや……だ、死にたく……ないよぉ,うぅ～～……,さっ、さらば～
5,Torianna,0,25,-1,2,80,0,15,10,13,0,12,8,12,0,550,420,560,0,529,433,512,0,12,150,12,50,500,1000,1,1,0,0,10,11,118,0,-1,0,004_cv_triainaA,604_fv_triainaA,bv_triaina,bv_neomagicsoldier,冷たい女だ。この前あいつの洗濯物と一緒に洗濯された私のドロワーズがカチコチになって返ってきた。あいつの洗濯物は私のに絶対混ぜるなってチシャにきつく言っとかなきゃな,うそ…でしょ……,ここまでね……,退くわ！
6,Olivia,1,15,-1,2,60,0,15,10,13,0,12,8,12,0,480,380,480,0,478,419,461,0,12,70,12,50,500,900,1,1,0,0,12,13,119,0,-1,1,005_cv_oriviaA,605_fv_oriviaA,bv_orivia,bv_neomagicsoldier,きゃぴきゃぴしてて……なんていうか苦手な奴だ。魔女ならもっとシャキッとしろよなぁ……,いたいよぉ……、たす…けて……,うえっ……ぐす…,に、逃げなきゃ……
7,Carton,2,25,100,5,110,5,0,7,5,5,0,5,2,630,0,610,500,540,0,515,492,0,15,130,15,50,500,2000,0,0,0,0,14,15,120,1,-1,2,023_cv_kartonA,623_fv_kartonA,bv_karton,bv_leadersoldier,金ピカヨロイのヒゲおやじだ。どこかの傭兵みたいなバンダナをしてるが、オノで戦うんだよな……,Oooh,Oooo!,Oooo!
8,Dood,2,25,-1,3,60,5,0,7,5,5,0,5,2,460,0,510,460,536,0,489,471,0,15,10,15,50,500,1400,1,1,0,0,16,17,120,1,-1,2,024_cv_doodA,624_fv_doodA,bv_dood,bv_slave,笑い方がきもい。がに股でひょろ長いのもきもい。ついでに顔もきもい,バカなぁ……ぐぶっ！,グッ、離さねえか！　クソッ！,イヒヒッ！　逃げるが勝ちってね
9,Vega,4,32,-1,3,120,0,15,10,13,0,12,8,12,550,350,510,520,637,395,573,538,0,12,160,12,50,500,1500,1,1,0,0,22,19,121,1,-1,4,001_cv_vegaA,601_fv_vegaA,bv_vega,bv_dragon,見た目通りのまじめ、無骨、一本気！　って感じのやつだ。魔女というよりはドラゴンっぽい性格だな。ところで、あのごつい腕でどうやって食器を持つんだろうな。まともに食事ができなさそうだ。,メッサーシュミット……,ここまでか……,退却だ！
10,Zombie Lily's right hand,2,52,-1,500,500,5,0,7,5,5,0,5,2,1000,0,150,150,477,0,479,459,0,30,0,30,50,500,0,1,0,0,0,38,38,121,0,-1,7,,637_fv_zombililyA,bv_zombilily_right,,FATAL ERROR,Uoough...,Error - Please report this bug,Uoough...
11,Shiden,4,40,-1,3,300,5,0,7,5,5,0,5,2,1000,300,500,500,380,424,376,345,0,15,0,15,50,500,0,1,0,0,0,20,21,121,0,-1,4,016_cv_shidenA,616_fv_shidenA,bv_shiden,,FATAL ERROR,無念……なり……,Error - Please report this bug,Error - Please report this bug
12,Gruman,4,40,-1,200,200,300,200,300,200,0,0,0,0,300,200,300,200,0,0,0,0,0,15,0,15,50,500,0,1,0,0,0,22,22,121,0,-1,4,017_cv_grummanA,617_fv_grummanA,bv_grumman,,FATAL ERROR,そんなバカな…あり…えん…ぐふっ！,Error - Please report this bug,Error - Please report this bug
13,Charlotte,0,38,-1,2,100,0,15,10,13,0,12,8,12,0,400,450,550,0,541,454,554,0,12,130,12,50,500,1300,1,0,0,0,24,25,118,0,-1,0,002_cv_charlotteA,602_fv_charlotteA,bv_charlotte,bv_neomagicsoldier,見るからに温室育ちのお嬢様だな。あいつの部下を見ていてもわかる、アマちゃん領主だ。クフフッ！　おとなしく私に領土を渡して正解だったな！,申し訳ありません…お師匠…さま…,いやですわ！　離してくださいな！,退却ですわ！
14,Emil,3,15,120,2,80,5,0,7,5,5,0,5,2,380,0,350,350,544,0,505,423,0,18,60,18,50,500,100,1,0,0,0,26,27,121,0,-1,3,018_cv_emilA,618_fv_emilA,bv_emil,bv_mendakosoldier,魔女になるための薬なんて作りやがったとんでもない人間だ。まあ悪い奴じゃねえし、薬師としての腕はそこらの人間じゃ及ばないくらいすげえからな。案外将来化けたりするかもな,ぼく…しぬの…かな,わっ、ごめんなさーい！！,てっ、撤退します！
15,Kasumi,3,30,100,2,70,5,0,7,5,5,0,5,2,350,0,580,600,521,0,552,482,0,18,100,18,50,500,1100,0,0,0,0,28,29,121,0,-1,3,019_cv_kasumiA,619_fv_kasumiA,bv_kasumi,bv_mendakosoldier,だるーい感じのしゃべり方をする奴だが、ああ見えて頭のいい油断できん奴だ。あいつの部下にしとくにゃ惜しいくらいの軍師だな,ここまでっすね…ロッテ…さま,くっ、この縄きついっすよォ…,今は引くっすよ！
16,Emma,0,15,120,2,60,0,15,10,13,0,12,8,12,0,500,350,400,0,472,428,526,0,12,60,12,50,500,200,1,0,0,0,30,31,118,0,-1,0,020_cv_emaA,620_fv_emaA,bv_ema,bv_magicsoldier,全く面倒かけやがって……。まあそのおかげで領土をさくっと手に入れられたから結果オーライってとこか,い…たい…よ、えみ…る…,いたっ！　ちょっと、優しくしてよ！,やばっ…、に、にげろー！！
17,Pumpking,2,45,-1,5,200,5,0,7,5,5,0,5,2,680,0,320,400,479,0,466,470,0,15,0,15,50,500,2000,1,1,0,0,32,33,120,0,-1,2,003_cv_pumpkingA,603_fv_pumpkingA,bv_pumpking,bv_pumpkin,いつかかぼちゃシチューにしてやる,俺様が…そんな…,はーなーせー！　はーなーせー！,Error - Please report this bug
18,Zombie Lily's left hand,2,55,-1,500,500,5,0,7,5,5,0,5,2,1200,0,150,150,527,0,530,418,0,30,0,30,50,500,0,1,0,0,0,38,38,120,0,-1,7,,637_fv_zombililyA,bv_zombilily_left,,FATAL ERROR,Uoough...,Error - Please report this bug,Uoough...
19,Akari,0,40,-1,3,110,0,15,10,13,0,12,8,12,0,630,600,600,466,0,493,501,0,12,90,12,50,500,1900,1,1,0,0,36,37,124,0,-1,0,021_cv_akariA,621_fv_akariA,bv_akari,bv_pumpkin,無口で無表情で何を考えてるかわかんない奴だ。魔女の中でも人形遣いってのは異端児だからな。変わっているのも当然っちゃ当然か,………,……はなして,………
20,Lily,0,50,-1,2,40,0,15,10,13,0,12,8,12,0,560,400,460,517,0,458,506,0,12,0,12,50,500,8000,1,0,0,0,38,39,125,1,-1,0,006_cv_lilyA,606_fv_lilyA,bv_lily,bv_zombi,FATAL ERROR,ヘッ……ここまでか、ねえ……,Error - Please report this bug,Error - Please report this bug
21,Zombie Lily's Head,2,60,-1,1200,1200,5,0,7,5,5,0,5,2,1500,0,150,150,525,0,485,450,0,35,0,35,50,500,0,1,0,0,0,38,38,120,0,-1,7,,637_fv_zombililyA,bv_zombilily_head,,FATAL ERROR,Uoough...,Error - Please report this bug,Uoough...
22,Goozu,2,45,80,5,130,5,0,7,5,5,0,5,2,600,0,510,430,540,0,561,434,0,15,0,15,50,500,8000,1,0,0,0,40,41,120,0,-1,2,,625_fv_gozuA,bv_gozu,,ムキムキのゾンビだ。「ゴズ」とかいう東の国のバケモノがゾンビになった奴らしい,Grr...,Ga...,Gururu...
23,Mazu,2,45,80,5,130,5,0,7,5,5,0,5,2,600,0,510,430,546,0,492,448,0,15,0,15,50,500,8000,1,0,0,0,42,41,120,0,-1,2,,626_fv_mezuA,bv_mezu,,ムキムキのゾンビだ。「メズ」とかいう東の国のバケモノがゾンビになった奴らしい,Grr...,Ga...,Gururu...
24,Veronica,0,75,-1,3,150,0,15,10,13,0,12,8,12,0,700,560,610,0,700,500,550,0,12,0,12,50,500,3000,0,1,0,0,43,44,118,2,-1,0,007_cv_veronicaA,607_fv_veronicaA,bv_veronica,bv_majin,FATAL ERROR,こんなはずじゃ……Alice……,Error - Please report this bug,撤退しますよ！
25,Ellie,0,60,-1,2,130,0,15,10,13,0,12,8,12,0,650,500,690,0,530,500,550,0,12,0,12,50,500,2600,0,1,0,0,45,46,118,0,-1,0,025_cv_eliA,627_fv_eliA,bv_eli,bv_neomagicsoldier,FATAL ERROR,Error - Please report this bug,Error - Please report this bug,We're pulling out!
26,Cider,3,60,200,3,200,5,0,7,5,5,0,5,2,450,0,800,500,550,0,500,500,0,18,0,18,50,500,2600,0,1,0,0,47,48,121,0,-1,3,026_cv_seedleA,628_fv_seedleA,bv_seedle,bv_mendakosoldier,FATAL ERROR,Error - Please report this bug,Error - Please report this bug,Retreat!
27,Veronica,0,75,-1,3,150,0,15,10,13,0,12,8,12,0,700,560,610,0,700,550,489,0,12,180,12,50,500,3000,0,1,0,0,43,44,118,2,-1,0,007_cv_veronicaA,607_fv_veronicaA,bv_veronica,bv_majin,まさか本当にあのVeronicaだったなんて……。クフフ……、一緒に戦えるなんて夢みたいだ,こんなはずじゃ……Alice……,Error - Please report this bug,撤退しますよ！
28,Eli,0,60,-1,2,130,0,15,10,13,0,12,8,12,0,650,500,690,0,680,550,467,0,12,130,12,50,500,2600,0,1,0,0,45,46,118,0,-1,0,025_cv_eliA,627_fv_eliA,bv_eli,bv_neomagicsoldier,花の魔女Veronicaの部下の人間だ。しかし、あのころから全く見た目が変わっていないのはなんでなんだ……？,Error - Please report this bug,Error - Please report this bug,We're pulling out!
29,Cider,3,60,200,3,200,5,0,7,5,5,0,5,2,450,0,800,500,560,0,750,425,0,18,110,18,50,500,2600,0,1,0,0,47,48,121,0,-1,3,026_cv_seedleA,628_fv_seedleA,bv_seedle,bv_mendakosoldier,いつもエリの後ろに引っ付いている妙な着ぐるみ野郎だ。エリいわく、着ぐるみじゃなくて「シードラウト」という種族らしいが、どう見ても着ぐるみを着た人間だよな……？,Error - Please report this bug,Error - Please report this bug,Retreat!
30,Ryza,0,75,-1,3,100,0,15,10,13,0,12,8,12,0,670,490,540,0,550,580,550,0,12,0,12,50,500,3000,0,0,0,0,51,50,118,2,-1,0,027_cv_raisaA,629_fv_raisaA,bv_raisa,bv_majin,FATAL ERROR,Error - Please report this bug,Error - Please report this bug,ちっ、退却だ……
31,Ryzania,0,80,-1,5000,5000,150,0,120,100,15,0,12,10,1000,0,350,350,0,0,0,0,0,30,0,30,120,0,0,1,0,0,0,49,50,118,0,-1,0,,638_fv_neoraisaA,bv_raisania,,FATAL ERROR,おの…れえ……Aliceゥ！！！,Error - Please report this bug,Error - Please report this bug
32,Nia,0,75,-1,2,100,0,15,10,13,0,12,8,12,0,630,520,560,0,550,300,450,0,12,0,12,50,500,4500,0,0,0,0,51,50,118,0,-1,0,028_cv_niaA,630_fv_niaA,bv_nia,bv_neomagicsoldier,FATAL ERROR,Error - Please report this bug,Error - Please report this bug,やばっ、退却ーー！！
33,Meeg,0,10,-1,2,90,0,15,10,13,0,12,8,12,0,500,570,600,0,535,483,545,0,12,50,12,50,500,100,1,1,0,0,30,52,118,0,-1,0,030_cv_migA,642_fv_migA,bv_mig,bv_magicsoldier,ムカツクガキだが、なんていうか、昔の自分を見ているみたいでなぁ……。複雑な気分だ……。,おばあ…ちゃん……ねむいよ…,Error - Please report this bug,Error - Please report this bug
34,Marugeru,2,25,150,3,120,5,0,7,5,5,0,5,2,520,0,510,460,483,0,551,437,0,15,110,15,50,500,1200,0,0,0,0,53,54,120,1,-1,2,031_cv_malgerA,643_fv_malgerA,bv_malger,bv_leadersoldier,FATAL ERROR,Error - Please report this bug,Error - Please report this bug,Fall back!
35,Marugeru,2,40,150,3,120,5,0,7,5,5,0,5,2,520,0,510,460,486,0,560,472,0,15,110,15,50,500,2200,1,1,0,0,53,54,120,1,-1,2,031_cv_malgerA,643_fv_malgerA,bv_malger,bv_leadersoldier,この前町で見かけたんだが、あいつ私が見ただけでも十人の女に話しかけられてたな……。なんであんなヒョロヒョロがモテるんだ？　うーん……人間の趣味はわからんなぁ,ここまでだな…無念……,自害も許されないとは……無念,Fall back!
36,Red Pumpkin,2,42,80,3,70,5,0,7,5,5,0,5,2,500,0,450,350,462,0,503,448,0,15,0,15,3000,3000,5000,0,0,0,0,34,35,120,0,-1,2,029_cv_pumpkinfourA,644_fv_pumpminiA,bv_pumpminiA,bv_pumpkin,FATAL ERROR,しっ、しぬぅ……,Error - Please report this bug,Get away from me!
37,Pink Pumpkin,2,42,80,3,70,5,0,7,5,5,0,5,2,500,0,450,350,477,0,522,473,0,15,0,15,3000,3000,5000,0,0,0,0,34,35,120,0,-1,2,029_cv_pumpkinfourA,645_fv_pumpminiB,bv_pumpminiB,bv_pumpkin,FATAL ERROR,しっ、しぬぅ……,Error - Please report this bug,Get away from me!
38,Blue Pumpkin,2,42,80,3,70,5,0,7,5,5,0,5,2,500,0,450,350,489,0,507,452,0,15,0,15,3000,3000,5000,0,0,0,0,34,35,120,0,-1,2,029_cv_pumpkinfourA,646_fv_pumpminiC,bv_pumpminiC,bv_pumpkin,FATAL ERROR,しっ、しぬぅ……,Error - Please report this bug,Get away from me!
39,Silver Pumpkin,2,42,80,3,70,5,0,7,5,5,0,5,2,500,0,450,350,513,0,528,484,0,15,0,15,3000,3000,5000,0,0,0,0,34,35,120,0,-1,2,029_cv_pumpkinfourA,647_fv_pumpminiD,bv_pumpminiD,bv_pumpkin,FATAL ERROR,しっ、しぬぅ……,Error - Please report this bug,Get away from me!
40,Runaway Emma,0,30,-1,999,999,0,780,750,750,0,0,0,0,0,780,750,750,0,0,0,0,0,12,0,12,50,500,0,0,0,0,0,61,61,118,0,-1,0,,639_fv_neoemaA,bv_neoema,,FATAL ERROR,Error - Please report this bug,Error - Please report this bug,ウオオオォォォォン！！！！
41,Wizard,0,25,-1,9999,9999,0,15,10,13,0,12,8,12,0,520,999,999,0,555,484,472,0,12,0,12,50,500,0,0,0,0,0,30,57,118,0,-1,0,,,bv_witch,,FATAL ERROR,Error - Please report this bug,Error - Please report this bug,撤退する！
42,Ninja,2,30,-1,9999,9999,150,0,120,100,15,0,12,10,520,0,999,999,464,0,527,420,0,10,0,10,0,0,0,0,0,0,0,16,56,120,0,-1,2,,,bv_ninja,,FATAL ERROR,Error - Please report this bug,Error - Please report this bug,………
43,Magic Cannon,0,35,-1,9999,9999,150,0,120,100,15,0,12,10,520,0,999,999,473,0,533,481,0,10,0,10,0,0,0,0,0,0,0,51,51,118,0,-1,0,,,bv_magiccanon,,FATAL ERROR,Error - Please report this bug,Error - Please report this bug,全弾打ち尽くし
44,Megadeath,2,99,-1,9999,9999,150,0,120,100,15,0,12,10,700,0,999,999,539,0,477,405,0,10,0,10,0,0,0,0,0,0,0,130,130,120,0,-1,2,,,bv_megadeath,,FATAL ERROR,Error - Please report this bug,Error - Please report this bug,あっ、おばあちゃんちに行くんだった！
45,Golem,2,20,-1,9999,9999,150,0,120,100,15,0,12,10,600,0,999,999,545,0,540,485,0,10,0,10,0,0,0,0,0,0,0,14,23,120,0,-1,2,,,bv_golem,,FATAL ERROR,Error - Please report this bug,Error - Please report this bug,ゴゴゴゴゴ…
46,Devil,4,40,-1,9999,9999,150,0,120,100,15,0,12,10,250,250,999,999,407,368,337,358,0,10,0,10,0,0,0,0,0,0,0,58,131,121,0,-1,4,,,bv_majin,,FATAL ERROR,Error - Please report this bug,Error - Please report this bug,………
47,Holy Belle,0,70,-1,999,999,150,0,120,100,15,0,12,10,850,0,500,560,492,0,561,473,0,10,0,10,0,0,0,0,0,0,0,0,43,118,0,-1,8,,650_fv_holybell,bv_holybell,,FATAL ERROR,ふふ……さすがじゃのう……,Error - Please report this bug,ふふ……さすがじゃのう……
48,Unknown,0,99,-1,20000,20000,150,0,120,100,15,0,12,10,2000,0,300,300,502,0,465,431,0,20,0,20,0,0,0,1,0,0,0,43,63,118,0,-1,9,,641_fv_unknownA,bv_unknown,,FATAL ERROR,ア…リィィ……スゥゥゥ！！！！！,Error - Please report this bug,セイギョ…フノウ……キノウテイシ
,Alice領モブ,,,,,,,,,,,,,,,,,,,,,,,,,,,,,,,,,,,,,,,,,,,,,,
49,Baresu,2,15,77,2,136,11,0,10,10,9,0,11,2,497,0,487,414,499,0,481,487,0,11,46,20,18,1036,900,1,1,1,0,59,129,120,1,-1,2,,634_fv_leadersoldierA,bv_leadersoldire,bv_slave,この前森で捕まえてきたんだ。思いのほかでかくなってな,ヌォォォン……,ヌォー……,ヌヌヌヌヌヌ
50,Richie,2,15,70,2,145,9,0,11,10,9,0,10,2,519,0,541,477,484,0,521,413,0,11,48,18,18,1048,900,1,1,1,0,59,131,120,1,-1,2,,634_fv_leadersoldierA,bv_leadersoldire,bv_slave,酒場で腕相撲大会をやったときにスカウトしたんだ。腕がめっちゃ太いんだ,Ugh...,Damn it、let go！,Gah...Retreat!
51,Hearts,3,15,67,2,132,9,0,9,10,10,0,10,2,489,0,518,475,327,0,613,644,0,18,50,20,20,1009,900,1,1,1,0,28,23,121,0,-1,3,,633_fv_mendakoleaderA,bv_mendakoleader,bv_mendakosoldier,覚えてない,Crap...,Damn it、let go！,Gah...Retreat!
52,Jack,3,15,75,2,152,11,0,9,9,9,0,9,2,538,0,517,422,335,0,631,622,0,18,46,20,20,1082,900,1,1,1,0,28,23,121,0,-1,3,,633_fv_mendakoleaderA,bv_mendakoleader,bv_mendakosoldier,町の傭兵屋から買ったんだった……気がする,Ugh...,Damn it、let go！,Gah...Retreat!
53,Rummy,0,15,67,2,121,0,10,10,10,0,11,2,10,0,522,426,464,0,503,428,493,0,9,46,19,22,974,600,1,1,1,0,30,57,118,1,-1,0,,632_fv_devilleaderA,bv_devilleader,bv_devil,私が最初に作った魔法兵だな。……別に思い入れとかがあるわけじゃないが。,Ugh...,Damn it、let go！,Gah...Retreat!
54,Jean,0,15,54,2,118,0,11,11,10,0,9,2,10,0,503,455,512,0,482,484,481,0,11,48,20,21,965,600,1,1,1,0,30,57,118,1,-1,0,,632_fv_devilleaderA,bv_devilleader,bv_devil,こいつ確か手品が得意なんだよ。この前の手品ショーおもしろかったなぁ……,Ugyahhh,Damn it、let go！,Gah...Retreat!
55,Petronia,1,15,61,2,110,0,10,10,10,0,9,2,9,0,503,426,560,0,497,451,551,0,9,46,22,21,920,600,1,1,1,0,128,126,119,0,-1,1,,631_fv_magicleaderA,bv_magicleader,bv_magicsoldier,こいつらの種族ってぼーっとしてて何考えてるかわかんねえよな。こいつらも驚くのかな。今度落とし穴にはめてやるか,Crap...,Damn it、let go！,Gah...Retreat!
56,Harmonia,1,15,78,2,108,0,11,9,10,0,11,2,10,0,502,426,547,0,510,458,480,0,10,55,22,18,1006,600,1,1,1,0,128,126,119,0,-1,1,,631_fv_magicleaderA,bv_magicleader,bv_magicsoldier,覚えてない,Ugh...,Damn it、let go！,Gah...Retreat!
,Maisie領モブ,,,,,,,,,,,,,,,,,,,,,,,,,,,,,,,,,,,,,,,,,,,,,,
57,Fureeseru,2,18,53,2,153,10,0,9,10,10,0,11,2,494,0,508,417,487,0,494,450,0,11,45,19,22,1083,1000,1,1,1,0,59,23,120,1,-1,2,,634_fv_leadersoldierA,bv_leadersoldire,bv_slave,こいつ確かMaisieに惚れてたな。クフフフッ！　そんなんで裏切るから痛い目を見るのだ,Ugh...,Damn it、let go！,Gah...Retreat!
58,Jin,2,12,54,2,149,9,0,11,10,11,0,9,2,461,0,469,454,560,0,462,439,0,11,45,21,22,983,700,1,1,1,0,59,28,120,1,-1,2,,634_fv_leadersoldierA,bv_leadersoldire,bv_slave,酒みたいな名前だよな,Ugyahhh,Damn it、let go！,Gah...Retreat!
59,Seven,3,12,65,2,134,10,0,11,9,10,0,9,2,516,0,493,453,330,0,653,697,0,18,45,19,22,1041,700,1,1,1,0,28,129,121,0,-1,3,,633_fv_mendakoleaderA,bv_mendakoleader,bv_mendakosoldier,じゅわっ！　……はっ、私は何を,Crap...,Damn it、let go！,Gah...Retreat!
60,Poker,3,12,63,2,151,9,0,9,9,10,0,9,2,524,0,486,421,334,0,553,702,0,18,45,19,21,1080,800,1,1,1,0,28,129,121,0,-1,3,,633_fv_mendakoleaderA,bv_mendakoleader,bv_mendakosoldier,こいつかけ事にめちゃくちゃ弱いんだ。強そうな名前してんのに,Ugh...,Damn it、let go！,Gah...Retreat!
61,Bridge,0,12,74,2,108,0,11,10,9,0,10,2,10,0,484,485,497,0,515,468,551,0,10,52,18,19,1004,500,1,1,1,0,30,57,118,1,-1,0,,632_fv_devilleaderA,bv_devilleader,bv_devil,きもい見た目してるよなぁ。見てたらムカついてきた。げしっ、げしっ！,Ugyahhh,Damn it、let go！,Gah...Retreat!
62,Theodore,0,12,59,2,114,0,10,11,9,0,9,2,11,0,511,439,508,0,541,420,474,0,11,54,19,21,1056,500,1,1,1,0,30,57,118,1,-1,0,,632_fv_devilleaderA,bv_devilleader,bv_devil,名前だけなんか強そう,Ugh...,Damn it、let go！,Gah...Retreat!
63,Chun,0,18,40,2,101,0,11,9,11,0,9,2,9,0,530,471,490,0,512,406,511,0,10,48,19,22,1026,700,1,1,1,0,30,57,118,1,-1,0,,632_fv_devilleaderA,bv_devilleader,bv_devil,弱そう。なんだチュンって。小鳥の鳴き声じゃないんだから,Crap...,Damn it、let go！,Gah...Retreat!
64,Tempai,1,12,44,2,121,0,9,10,11,0,10,2,11,0,535,475,545,0,505,490,552,0,9,51,19,20,995,500,1,1,1,0,128,126,119,0,-1,1,,631_fv_magicleaderA,bv_magicleader,bv_magicsoldier,誰だっけ,Ugyahhh,Damn it、let go！,Gah...Retreat!
,Torianna領モブ,,,,,,,,,,,,,,,,,,,,,,,,,,,,,,,,,,,,,,,,,,,,,,
65,Gariga,3,20,79,2,149,9,0,9,10,10,0,11,2,461,0,532,467,303,0,637,713,0,18,51,22,19,908,1300,1,1,1,0,28,23,121,0,-1,3,,633_fv_mendakoleaderA,bv_mendakoleader,bv_mendakosoldier,Dunno、next,Ugh...,Damn it、let go！,Gah...Retreat!
66,Shirokuma,2,23,51,2,152,11,0,9,11,9,0,10,2,466,0,550,480,524,0,531,439,0,9,49,22,19,913,1400,1,1,1,0,59,129,120,1,-1,2,,634_fv_leadersoldierA,bv_leadersoldire,bv_slave,Dunno、next,Crap...,Damn it、let go！,Gah...Retreat!
67,Inui,2,23,41,2,145,9,0,10,9,9,0,9,2,503,0,526,450,497,0,545,443,0,11,46,22,18,1002,1400,1,1,1,0,59,129,120,1,-1,2,,634_fv_leadersoldierA,bv_leadersoldire,bv_slave,Dunno、next,Ugh...,Damn it、let go！,Gah...Retreat!
68,Ainu,2,23,77,2,141,9,0,11,9,9,0,10,2,459,0,516,490,508,0,507,438,0,10,45,19,20,985,1300,1,1,1,0,59,131,120,1,-1,2,,634_fv_leadersoldierA,bv_leadersoldire,bv_slave,Dunno、next,Ugh...,Damn it、let go！,Gah...Retreat!
69,Shakushan,2,23,55,2,154,11,0,11,10,10,0,10,2,496,0,491,454,493,0,534,433,0,10,46,18,20,914,1300,1,1,1,0,59,131,120,1,-1,2,,634_fv_leadersoldierA,bv_leadersoldire,bv_slave,Dunno、next,Ugyahhh,Damn it、let go！,Gah...Retreat!
70,Dyer,3,20,79,2,151,9,0,10,9,10,0,11,2,498,0,539,486,325,0,647,639,0,18,55,18,21,922,1100,1,1,1,0,28,23,121,0,-1,3,,633_fv_mendakoleaderA,bv_mendakoleader,bv_mendakosoldier,Dunno、next,Crap...,Damn it、let go！,Gah...Retreat!
71,Pole,2,25,77,2,152,10,0,10,10,9,0,9,2,460,0,460,493,490,0,512,421,0,11,52,20,20,903,1600,1,1,1,0,59,131,120,1,-1,2,,634_fv_leadersoldierA,bv_leadersoldire,bv_slave,Dunno、next,Ugh...,Damn it、let go！,Gah...Retreat!
72,John,2,25,79,2,146,11,0,9,10,11,0,9,2,547,0,485,436,510,0,561,441,0,10,52,18,19,1020,1600,1,1,1,0,59,129,120,1,-1,2,,634_fv_leadersoldierA,bv_leadersoldire,bv_slave,Dunno、next,Ugh...,Damn it、let go！,Gah...Retreat!
73,Ringo,2,25,48,2,152,11,0,9,10,9,0,9,2,484,0,484,488,529,0,483,422,0,11,47,20,19,985,1600,1,1,1,0,59,129,120,1,-1,2,,634_fv_leadersoldierA,bv_leadersoldire,bv_slave,Dunno、next,Crap...,Damn it、let go！,Gah...Retreat!
74,George,2,25,58,2,145,11,0,9,10,11,0,11,2,553,0,487,487,548,0,494,412,0,10,53,22,21,990,1700,1,1,1,0,59,131,120,1,-1,2,,634_fv_leadersoldierA,bv_leadersoldire,bv_slave,Dunno、next,Ugh...,Damn it、let go！,Gah...Retreat!
75,Mitchell,0,23,48,2,112,0,11,9,9,0,10,2,9,0,552,478,476,0,531,494,480,0,9,55,21,21,958,1000,1,1,1,0,30,57,118,1,-1,0,,632_fv_devilleaderA,bv_devilleader,bv_devil,Dunno、next,Ugh...,Damn it、let go！,Gah...Retreat!
76,Yukianna,0,23,71,2,108,0,10,10,9,0,10,2,11,0,488,476,477,0,548,405,480,0,11,52,21,22,1044,900,1,1,1,0,30,57,118,1,-1,0,,632_fv_devilleaderA,bv_devilleader,bv_devil,Dunno、next,Ugyahhh,Damn it、let go！,Gah...Retreat!
77,Dorodoro,0,20,57,2,121,0,9,11,10,0,11,2,9,0,536,459,556,0,463,459,494,0,11,47,22,21,1011,800,1,1,1,0,30,57,118,1,-1,0,,632_fv_devilleaderA,bv_devilleader,bv_devil,Dunno、next,Crap...,Damn it、let go！,Gah...Retreat!
78,Kamaitachi,0,20,47,2,111,0,11,9,10,0,10,2,11,0,491,430,470,0,474,440,508,0,11,55,21,20,950,800,1,1,1,0,30,57,118,1,-1,0,,632_fv_devilleaderA,bv_devilleader,bv_devil,Dunno、next,Ugh...,Damn it、let go！,Gah...Retreat!
79,Siberia,0,20,73,2,113,0,10,11,11,0,10,2,10,0,491,436,471,0,469,412,546,0,9,55,18,20,1019,800,1,1,1,0,30,57,118,1,-1,0,,632_fv_devilleaderA,bv_devilleader,bv_devil,Dunno、next,Ugh...,Damn it、let go！,Gah...Retreat!
80,Samui,0,20,65,2,114,0,10,10,11,0,10,2,9,0,507,471,543,0,519,423,521,0,11,46,20,22,980,800,1,1,1,0,30,57,118,1,-1,0,,632_fv_devilleaderA,bv_devilleader,bv_devil,Dunno、next,Crap...,Damn it、let go！,Gah...Retreat!
81,Kogoeru,0,20,44,2,114,0,10,11,11,0,10,2,9,0,462,465,525,0,514,446,461,0,11,52,19,22,1001,700,1,1,1,0,30,57,118,1,-1,0,,632_fv_devilleaderA,bv_devilleader,bv_devil,Dunno、next,Ugh...,Damn it、let go！,Gah...Retreat!
82,Shibareru,1,20,59,2,99,0,11,9,9,0,10,2,10,0,558,407,463,0,558,442,471,0,11,48,18,20,981,800,1,1,1,0,128,126,119,0,-1,1,,631_fv_magicleaderA,bv_magicleader,bv_magicsoldier,Dunno、next,Ugh...,Damn it、let go！,Gah...Retreat!
83,Hyakkoi,1,20,62,2,119,0,11,11,9,0,11,2,10,0,499,442,544,0,514,432,526,0,9,51,22,22,1024,900,1,1,1,0,128,126,119,0,-1,1,,631_fv_magicleaderA,bv_magicleader,bv_magicsoldier,Dunno、next,Ugyahhh,Damn it、let go！,Gah...Retreat!
,Olivia領モブ,,,,,,,,,,,,,,,,,,,,,,,,,,,,,,,,,,,,,,,,,,,,,,
84,Botan,2,25,64,2,127,10,0,11,11,10,0,11,2,518,0,484,424,507,0,480,460,0,11,54,20,18,994,1600,1,1,1,0,59,131,120,1,-1,2,,634_fv_leadersoldierA,bv_leadersoldire,bv_slave,Dunno、next,Ugh...,Damn it、let go！,Gah...Retreat!
85,Cherry Boy,2,25,76,2,147,9,0,10,10,10,0,10,2,513,0,555,432,496,0,470,483,0,10,55,22,21,1051,1400,1,1,1,0,59,129,120,1,-1,2,,634_fv_leadersoldierA,bv_leadersoldire,bv_slave,Dunno、next,Crap...,Damn it、let go！,Gah...Retreat!
86,Coco Rose,2,25,42,2,153,9,0,11,10,9,0,10,2,506,0,489,449,540,0,487,409,0,10,47,18,18,920,1400,1,1,1,0,59,129,120,1,-1,2,,634_fv_leadersoldierA,bv_leadersoldire,bv_slave,Dunno、next,Ugh...,Damn it、let go！,Gah...Retreat!
87,Wallaby,3,25,60,2,148,11,0,11,11,11,0,11,2,494,0,491,412,291,0,596,630,0,18,48,18,19,1029,1500,1,1,1,0,28,23,121,0,-1,3,,633_fv_mendakoleaderA,bv_mendakoleader,bv_mendakosoldier,Dunno、next,Ugh...,Damn it、let go！,Gah...Retreat!
88,Zenmai,3,25,76,2,133,10,0,10,10,10,0,9,2,461,0,474,430,341,0,670,605,0,18,45,18,22,1075,1600,1,1,1,0,28,23,121,0,-1,3,,633_fv_mendakoleaderA,bv_mendakoleader,bv_mendakosoldier,Dunno、next,Crap...,Damn it、let go！,Gah...Retreat!
89,Panja,2,16,50,2,141,9,0,9,9,10,0,9,2,541,0,472,492,525,0,521,455,0,11,48,18,21,1045,900,1,1,1,0,59,129,120,1,-1,2,,634_fv_leadersoldierA,bv_leadersoldire,bv_slave,Dunno、next,Ugh...,Damn it、let go！,Gah...Retreat!
90,Suzurain,2,18,41,2,133,10,0,10,11,10,0,9,2,477,0,549,411,471,0,483,472,0,10,51,19,20,1080,1000,1,1,1,0,59,131,120,1,-1,2,,634_fv_leadersoldierA,bv_leadersoldire,bv_slave,Dunno、next,Ugh...,Damn it、let go！,Gah...Retreat!
91,Millay,0,16,67,2,120,0,11,11,11,0,11,2,11,0,553,472,461,0,544,437,513,0,10,50,18,18,929,700,1,1,1,0,30,57,118,1,-1,0,,632_fv_devilleaderA,bv_devilleader,bv_devil,Dunno、next,Ugyahhh,Damn it、let go！,Gah...Retreat!
92,Millie,0,18,61,2,121,0,11,10,10,0,11,2,10,0,465,449,547,0,478,480,510,0,11,45,19,20,1013,600,1,1,1,0,30,57,118,1,-1,0,,632_fv_devilleaderA,bv_devilleader,bv_devil,Dunno、next,Crap...,Damn it、let go！,Gah...Retreat!
93,Mira,0,18,44,2,102,0,9,11,11,0,11,2,9,0,541,492,549,0,473,450,546,0,10,50,22,22,952,700,1,1,1,0,30,57,118,1,-1,0,,632_fv_devilleaderA,bv_devilleader,bv_devil,Dunno、next,Ugh...,Damn it、let go！,Gah...Retreat!
94,Mimi,1,18,68,2,116,0,10,11,9,0,9,2,9,0,556,463,481,0,472,445,517,0,10,52,21,19,1041,700,1,1,1,0,128,126,119,0,-1,1,,631_fv_magicleaderA,bv_magicleader,bv_magicsoldier,Dunno、next,Ugh...,Damn it、let go！,Gah...Retreat!
95,Cosmos,0,25,46,2,114,0,10,9,10,0,9,2,9,0,478,486,510,0,519,416,510,0,11,46,19,21,957,1000,1,1,1,0,30,57,118,1,-1,0,,632_fv_devilleaderA,bv_devilleader,bv_devil,Dunno、next,Crap...,Damn it、let go！,Gah...Retreat!
96,Jimmy,0,25,52,2,105,0,9,10,9,0,11,2,9,0,468,439,470,0,530,429,497,0,10,53,19,18,927,900,1,1,1,0,30,57,118,1,-1,0,,632_fv_devilleaderA,bv_devilleader,bv_devil,Dunno、next,Ugh...,Damn it、let go！,Gah...Retreat!
97,Zeppu,0,20,60,2,117,0,11,11,9,0,9,2,10,0,482,438,478,0,479,467,530,0,9,46,21,18,997,800,1,1,1,0,30,57,118,1,-1,0,,632_fv_devilleaderA,bv_devilleader,bv_devil,Dunno、next,Ugh...,Damn it、let go！,Gah...Retreat!
98,Tomato,0,20,57,2,102,0,9,10,11,0,10,2,10,0,489,414,527,0,496,459,529,0,10,45,18,21,900,900,1,1,1,0,30,57,118,1,-1,0,,632_fv_devilleaderA,bv_devilleader,bv_devil,Dunno、next,Ugyahhh,Damn it、let go！,Gah...Retreat!
99,Popo,0,20,73,2,106,0,11,10,11,0,9,2,10,0,538,425,470,0,537,443,545,0,9,50,21,22,960,800,1,1,1,0,30,57,118,1,-1,0,,632_fv_devilleaderA,bv_devilleader,bv_devil,Dunno、next,Crap...,Damn it、let go！,Gah...Retreat!
100,Dande,1,20,73,2,119,0,9,9,10,0,9,2,10,0,476,420,462,0,470,492,556,0,11,52,22,18,1023,700,1,1,1,0,128,126,119,0,-1,1,,631_fv_magicleaderA,bv_magicleader,bv_magicsoldier,Dunno、next,Ugh...,Damn it、let go！,Gah...Retreat!
101,Kikiyo,1,20,65,2,105,0,9,10,9,0,11,2,11,0,558,484,550,0,473,467,476,0,9,45,19,20,957,700,1,1,1,0,128,126,119,0,-1,1,,631_fv_magicleaderA,bv_magicleader,bv_magicsoldier,Dunno、next,Ugh...,Damn it、let go！,Gah...Retreat!
,Vega領モブ,,,,,,,,,,,,,,,,,,,,,,,,,,,,,,,,,,,,,,,,,,,,,,
102,Kiki,4,30,-1,4,96,5,5,8,8,8,8,8,8,544,258,514,556,585,419,535,510,0,8,51,16,22,1100,1000,1,1,1,0,58,131,122,1,-1,4,,635_fv_dragonleaderA,bv_dragonleader,bv_dragon,Dunno、next,GAOOOOOOOOOOOOOO!!!,Gyaoooo......!,Gaooooooon!!
103,Pipi,4,30,-1,4,91,5,5,8,8,8,8,8,8,543,257,567,576,533,365,520,528,0,8,45,16,20,1024,1000,1,1,1,0,58,131,122,1,-1,4,,635_fv_dragonleaderA,bv_dragonleader,bv_dragon,Dunno、next,GAOOOOOOOOOOOOOO!!!,Gyaoooo......!,Gaooooooon!!
104,Bobo,4,30,-1,4,91,5,5,8,8,8,8,8,8,602,244,535,599,511,439,594,458,0,8,46,14,19,965,1000,1,1,1,0,58,131,122,1,-1,4,,635_fv_dragonleaderA,bv_dragonleader,bv_dragon,Dunno、next,GAOOOOOOOOOOOOOO!!!,Gyaoooo......!,Gaooooooon!!
105,Dada,4,30,-1,4,91,5,5,8,8,8,8,8,8,500,264,521,509,531,376,504,451,0,8,49,14,18,996,1100,1,1,1,0,58,131,122,1,-1,4,,635_fv_dragonleaderA,bv_dragonleader,bv_dragon,Dunno、next,GAOOOOOOOOOOOOOO!!!,Gyaoooo......!,Gaooooooon!!
106,Jiji,4,30,-1,4,107,5,5,8,8,8,8,8,8,496,239,596,563,509,406,581,521,0,8,51,14,21,955,1000,1,1,1,0,58,131,122,1,-1,4,,635_fv_dragonleaderA,bv_dragonleader,bv_dragon,Dunno、next,GAOOOOOOOOOOOOOO!!!,Gyaoooo......!,Gaooooooon!!
107,Gigi,4,30,-1,4,110,5,5,8,8,8,8,8,8,561,263,539,593,504,405,602,544,0,8,53,16,22,1047,1100,1,1,1,0,58,131,122,1,-1,4,,635_fv_dragonleaderA,bv_dragonleader,bv_dragon,Dunno、next,GAOOOOOOOOOOOOOO!!!,Gyaoooo......!,Gaooooooon!!
108,Gaga,4,30,-1,4,95,5,5,8,8,8,8,8,8,580,259,570,507,573,364,537,472,0,8,48,16,22,1043,1000,1,1,1,0,58,131,122,1,-1,4,,635_fv_dragonleaderA,bv_dragonleader,bv_dragon,Dunno、next,GAOOOOOOOOOOOOOO!!!,Gyaoooo......!,Gaooooooon!!
109,Deidei,4,30,-1,4,107,5,5,8,8,8,8,8,8,587,244,523,589,498,393,499,491,0,8,51,16,21,1045,1100,1,1,1,0,58,131,122,1,-1,4,,635_fv_dragonleaderA,bv_dragonleader,bv_dragon,Dunno、next,GAOOOOOOOOOOOOOO!!!,Gyaoooo......!,Gaooooooon!!
110,Vivi,4,35,-1,4,104,5,5,8,8,8,8,8,8,587,264,523,589,546,380,508,477,0,8,48,16,22,987,1100,1,1,1,0,58,131,122,1,-1,4,,635_fv_dragonleaderA,bv_dragonleader,bv_dragon,Dunno、next,GAOOOOOOOOOOOOOO!!!,Gyaoooo......!,Gaooooooon!!
111,Zuzu,4,35,-1,4,108,5,5,8,8,8,8,8,8,582,249,526,556,591,435,519,523,0,8,49,15,19,927,1300,1,1,1,0,58,131,122,1,-1,4,,635_fv_dragonleaderA,bv_dragonleader,bv_dragon,Dunno、next,GAOOOOOOOOOOOOOO!!!,Gyaoooo......!,Gaooooooon!!
112,Bebe,4,35,-1,4,93,5,5,8,8,8,8,8,8,556,255,519,546,602,439,575,534,0,8,47,14,21,904,1100,1,1,1,0,58,131,122,1,-1,4,,635_fv_dragonleaderA,bv_dragonleader,bv_dragon,Dunno、next,GAOOOOOOOOOOOOOO!!!,Gyaoooo......!,Gaooooooon!!
113,Toto,4,35,-1,4,95,5,5,8,8,8,8,8,8,568,244,570,547,525,384,562,484,0,8,47,15,20,1049,1300,1,1,1,0,58,131,122,1,-1,4,,635_fv_dragonleaderA,bv_dragonleader,bv_dragon,Dunno、next,GAOOOOOOOOOOOOOO!!!,Gyaoooo......!,Gaooooooon!!
114,Coco,4,35,-1,4,99,5,5,8,8,8,8,8,8,539,248,503,531,569,401,524,548,0,8,52,15,19,1017,1300,1,1,1,0,58,131,122,1,-1,4,,635_fv_dragonleaderA,bv_dragonleader,bv_dragon,Dunno、next,GAOOOOOOOOOOOOOO!!!,Gyaoooo......!,Gaooooooon!!
115,Albatross,4,30,-1,4,90,5,5,8,8,8,8,8,8,579,248,507,524,380,227,590,497,0,12,53,15,22,1005,1500,1,1,1,0,58,131,123,1,-1,4,,635_fv_dragonleaderA,bv_dragonleader,bv_pterosaur,Dunno、next,GAOOOOOOOOOOOOOO!!!,Gyaoooo......!,Gaooooooon!!
116,Zeppelin,4,30,-1,4,90,5,5,8,8,8,8,8,8,506,234,499,592,351,234,555,453,0,11,49,14,19,982,1400,1,1,1,0,58,131,123,1,-1,4,,635_fv_dragonleaderA,bv_dragonleader,bv_pterosaur,Dunno、next,GAOOOOOOOOOOOOOO!!!,Gyaoooo......!,Gaooooooon!!
117,Zero,4,30,-1,4,110,5,5,8,8,8,8,8,8,605,255,580,530,338,275,513,492,0,11,49,14,22,966,1400,1,1,1,0,58,131,123,1,-1,4,,635_fv_dragonleaderA,bv_dragonleader,bv_pterosaur,Dunno、next,GAOOOOOOOOOOOOOO!!!,Gyaoooo......!,Gaooooooon!!
118,Hellcat,4,30,-1,4,92,5,5,8,8,8,8,8,8,529,232,530,600,368,274,580,481,0,13,45,16,22,1100,1600,1,1,1,0,58,131,123,1,-1,4,,635_fv_dragonleaderA,bv_dragonleader,bv_pterosaur,Dunno、next,GAOOOOOOOOOOOOOO!!!,Gyaoooo......!,Gaooooooon!!
119,Comet,4,30,-1,4,107,5,5,8,8,8,8,8,8,603,245,522,513,345,234,583,491,0,11,51,15,19,907,1600,1,1,1,0,58,131,123,1,-1,4,,635_fv_dragonleaderA,bv_dragonleader,bv_pterosaur,Dunno、next,GAOOOOOOOOOOOOOO!!!,Gyaoooo......!,Gaooooooon!!
120,Shusui,4,30,-1,4,110,5,5,8,8,8,8,8,8,514,264,593,547,316,255,531,521,0,11,55,15,18,908,1600,1,1,1,0,58,131,123,1,-1,4,,635_fv_dragonleaderA,bv_dragonleader,bv_pterosaur,Dunno、next,GAOOOOOOOOOOOOOO!!!,Gyaoooo......!,Gaooooooon!!
,Charlotte領モブ,,,,,,,,,,,,,,,,,,,,,,,,,,,,,,,,,,,,,,,,,,,,,,
121,Topaz,2,30,73,2,150,11,0,9,10,11,0,11,2,532,0,514,492,474,0,502,439,0,10,47,19,19,906,1900,1,1,1,0,59,131,120,1,-1,2,,634_fv_leadersoldierA,bv_leadersoldire,bv_slave,Dunno、next,Ugh...,Damn it、let go！,Gah...Retreat!
122,Opal,2,30,42,2,136,9,0,11,10,11,0,11,2,525,0,491,495,471,0,466,428,0,10,53,21,21,989,1800,1,1,1,0,59,129,120,1,-1,2,,634_fv_leadersoldierA,bv_leadersoldire,bv_slave,Dunno、next,Crap...,Damn it、let go！,Gah...Retreat!
123,Ruby,3,30,73,2,133,9,0,9,10,9,0,10,2,486,0,490,410,336,0,653,645,0,18,49,20,19,1089,1600,1,1,1,0,28,23,121,0,-1,3,,633_fv_mendakoleaderA,bv_mendakoleader,bv_mendakosoldier,Dunno、next,Ugh...,Damn it、let go！,Gah...Retreat!
124,Turquoise,2,30,40,2,152,9,0,9,11,11,0,10,2,514,0,464,464,507,0,473,431,0,11,45,18,18,925,1700,1,1,1,0,59,131,120,1,-1,2,,634_fv_leadersoldierA,bv_leadersoldire,bv_slave,Dunno、next,Ugh...,Damn it、let go！,Gah...Retreat!
125,Amethyst,2,30,65,2,144,9,0,10,9,10,0,11,2,533,0,464,420,510,0,484,483,0,11,51,20,18,1036,2000,1,1,1,0,59,129,120,1,-1,2,,634_fv_leadersoldierA,bv_leadersoldire,bv_slave,Dunno、next,Ugh...,Damn it、let go！,Gah...Retreat!
126,Pearl,2,35,77,2,135,11,0,11,9,10,0,11,2,466,0,490,410,481,0,487,458,0,10,53,22,18,933,2000,1,1,1,0,59,129,120,1,-1,2,,634_fv_leadersoldierA,bv_leadersoldire,bv_slave,Dunno、next,Crap...,Damn it、let go！,Gah...Retreat!
127,Emerald,2,35,75,2,135,11,0,9,9,9,0,11,2,473,0,459,438,520,0,483,406,0,10,53,20,19,922,2100,1,1,1,0,59,131,120,1,-1,2,,634_fv_leadersoldierA,bv_leadersoldire,bv_slave,Dunno、next,Ugh...,Damn it、let go！,Gah...Retreat!
128,Sapphire,3,35,42,2,146,11,0,9,11,9,0,10,2,471,0,517,423,294,0,551,611,0,18,45,22,18,1047,2000,1,1,1,0,28,23,121,0,-1,3,,633_fv_mendakoleaderA,bv_mendakoleader,bv_mendakosoldier,Dunno、next,Ugh...,Damn it、let go！,Gah...Retreat!
129,Jeanne the 4th,0,38,48,2,107,0,11,9,9,0,11,2,9,0,501,433,469,0,470,448,467,0,10,48,18,19,1037,1600,1,1,1,0,30,57,118,1,-1,0,,632_fv_devilleaderA,bv_devilleader,bv_devil,Dunno、next,Ugyahhh,Damn it、let go！,Gah...Retreat!
130,Elvira,0,38,61,2,110,0,11,9,10,0,11,2,10,0,490,431,539,0,464,439,461,0,9,54,21,21,972,1400,1,1,1,0,30,57,118,1,-1,0,,632_fv_devilleaderA,bv_devilleader,bv_devil,Dunno、next,Crap...,Damn it、let go！,Gah...Retreat!
131,Marie Jr.,0,38,68,2,119,0,11,9,11,0,11,2,11,0,520,463,515,0,508,454,524,0,11,53,19,19,1073,1400,1,1,1,0,30,57,118,1,-1,0,,632_fv_devilleaderA,bv_devilleader,bv_devil,Dunno、next,Ugh...,Damn it、let go！,Gah...Retreat!
132,Walpurg,0,38,63,2,121,0,11,9,10,0,10,2,11,0,492,409,533,0,486,407,490,0,10,55,21,21,933,1500,1,1,1,0,30,57,118,1,-1,0,,632_fv_devilleaderA,bv_devilleader,bv_devil,Dunno、next,Ugh...,Damn it、let go！,Gah...Retreat!
133,Himiko the 13th,1,38,63,2,103,0,9,9,11,0,10,2,9,0,469,437,522,0,518,416,512,0,10,47,18,21,1002,1700,1,1,1,0,128,126,119,0,-1,1,,631_fv_magicleaderA,bv_magicleader,bv_magicsoldier,Dunno、next,Crap...,Damn it、let go！,Gah...Retreat!
134,Petra,1,38,70,2,115,0,11,9,9,0,9,2,9,0,535,471,510,0,490,445,493,0,11,49,21,19,998,1400,1,1,1,0,128,126,119,0,-1,1,,631_fv_magicleaderA,bv_magicleader,bv_magicsoldier,Dunno、next,Ugh...,Damn it、let go！,Gah...Retreat!
135,Medici the 3rd,1,38,68,2,115,0,11,11,10,0,9,2,11,0,520,425,475,0,537,447,505,0,11,50,21,19,1056,1600,1,1,1,0,128,126,119,0,-1,1,,631_fv_magicleaderA,bv_magicleader,bv_magicsoldier,Dunno、next,Ugh...,Damn it、let go！,Gah...Retreat!
136,Comodora,0,32,73,2,102,0,11,11,10,0,9,2,11,0,481,424,469,0,472,473,484,0,9,50,22,18,1006,1200,1,1,1,0,30,57,118,1,-1,0,,632_fv_devilleaderA,bv_devilleader,bv_devil,Dunno、next,Ugyahhh,Damn it、let go！,Gah...Retreat!
137,Comodore,0,32,78,2,115,0,11,9,10,0,10,2,9,0,502,443,508,0,506,453,491,0,10,55,21,21,941,1300,1,1,1,0,30,57,118,1,-1,0,,632_fv_devilleaderA,bv_devilleader,bv_devil,Dunno、next,Crap...,Damn it、let go！,Gah...Retreat!
138,Comodoro,0,32,58,2,115,0,10,10,9,0,11,2,11,0,467,441,475,0,505,424,515,0,10,53,22,20,932,1300,1,1,1,0,30,57,118,1,-1,0,,632_fv_devilleaderA,bv_devilleader,bv_devil,Dunno、next,Ugh...,Damn it、let go！,Gah...Retreat!
139,Comodoru,1,32,65,2,121,0,10,9,9,0,9,2,9,0,519,489,469,0,474,450,514,0,10,45,20,19,1072,1200,1,1,1,0,128,126,119,0,-1,1,,631_fv_magicleaderA,bv_magicleader,bv_magicsoldier,Dunno、next,Ugh...,Damn it、let go！,Gah...Retreat!
,Lily領モブ,,,,,,,,,,,,,,,,,,,,,,,,,,,,,,,,,,,,,,,,,,,,,,
140,Asumodai,5,48,-1,4,206,10,0,5,2,11,0,5,10,617,0,253,184,558,0,395,376,0,6,25,25,3052,7443,6600,1,0,1,0,58,131,125,1,-1,5,,632_fv_devilleaderA,bv_devilleader,bv_zombi,Dunno、next,Grr...,Ga...,Gururu...
141,Nicholson,5,48,-1,4,203,10,0,5,2,11,0,5,10,589,0,240,218,557,0,354,373,0,6,25,25,3032,7509,7400,1,0,1,0,58,131,125,1,-1,5,,632_fv_devilleaderA,bv_devilleader,bv_zombi,Dunno、next,Grr...,Ga...,Gururu...
142,Saturn,5,48,-1,4,210,11,0,5,2,9,0,5,10,654,0,247,181,612,0,375,414,0,6,25,25,3047,7292,7500,1,0,1,0,58,131,125,1,-1,5,,632_fv_devilleaderA,bv_devilleader,bv_zombi,Dunno、next,Grr...,Ga...,Gururu...
143,Belial,5,48,-1,4,210,9,0,5,2,11,0,5,10,643,0,284,190,549,0,334,438,0,6,25,25,2860,6783,6800,1,0,1,0,58,131,125,1,-1,5,,632_fv_devilleaderA,bv_devilleader,bv_zombi,Dunno、next,Grr...,Ga...,Gururu...
144,Berubego,5,48,-1,4,213,9,0,5,2,9,0,5,10,658,0,271,206,586,0,382,437,0,6,25,25,2732,6594,7800,1,0,1,0,58,131,125,1,-1,5,,632_fv_devilleaderA,bv_devilleader,bv_zombi,Dunno、next,Grr...,Ga...,Gururu...
145,Mammon,5,48,-1,4,183,10,0,5,2,11,0,5,10,619,0,265,204,547,0,345,420,0,6,25,25,3000,7695,7500,1,0,1,0,58,131,125,1,-1,5,,632_fv_devilleaderA,bv_devilleader,bv_zombi,Dunno、next,Grr...,Ga...,Gururu...
146,Gregory,5,48,-1,4,192,11,0,5,2,9,0,5,10,582,0,267,217,619,0,335,422,0,6,25,25,3007,7577,7800,1,0,1,0,58,131,125,1,-1,5,,632_fv_devilleaderA,bv_devilleader,bv_zombi,Dunno、next,Grr...,Ga...,Gururu...
147,Behemoth,5,52,-1,4,219,9,0,5,2,11,0,5,10,640,0,253,196,613,0,355,436,0,6,45,45,3000,7107,8300,1,0,1,0,58,131,125,1,-1,5,,632_fv_devilleaderA,bv_devilleader,bv_zombi,Dunno、next,Grr...,Ga...,Gururu...
148,Leviathan,5,52,-1,4,199,10,0,5,2,10,0,5,10,542,0,265,212,601,0,396,388,0,6,45,45,3129,7252,7600,1,0,1,0,58,131,125,1,-1,5,,632_fv_devilleaderA,bv_devilleader,bv_zombi,Dunno、next,Grr...,Ga...,Gururu...
149,Tiamat,5,52,-1,4,220,10,0,5,2,11,0,5,10,583,0,276,186,550,0,382,398,0,6,45,45,3213,6792,7800,1,0,1,0,58,131,125,1,-1,5,,632_fv_devilleaderA,bv_devilleader,bv_zombi,Dunno、next,Grr...,Ga...,Gururu...
150,Cunna,5,52,-1,4,195,10,0,5,2,10,0,5,10,580,0,234,185,582,0,373,360,0,6,45,45,3052,7028,8600,1,0,1,0,58,131,125,1,-1,5,,632_fv_devilleaderA,bv_devilleader,bv_zombi,Dunno、next,Grr...,Ga...,Gururu...
151,Ogre,5,52,-1,4,195,9,0,5,2,11,0,5,10,571,0,278,204,649,0,334,414,0,6,45,45,3215,7456,8000,1,0,1,0,58,131,125,1,-1,5,,632_fv_devilleaderA,bv_devilleader,bv_zombi,Dunno、next,Grr...,Ga...,Gururu...
152,Echidna,5,52,-1,4,214,9,0,5,2,11,0,5,10,601,0,270,183,551,0,334,413,0,6,45,45,3180,6584,7100,1,0,1,0,58,131,125,1,-1,5,,632_fv_devilleaderA,bv_devilleader,bv_zombi,Dunno、next,Grr...,Ga...,Gururu...
153,Tepon,5,52,-1,4,198,11,0,5,2,11,0,5,10,556,0,268,217,557,0,345,405,0,6,45,45,3044,7622,7500,1,0,1,0,58,131,125,1,-1,5,,632_fv_devilleaderA,bv_devilleader,bv_zombi,Dunno、next,Grr...,Ga...,Gururu...
154,Humbaba,5,52,-1,4,196,11,0,5,2,10,0,5,10,632,0,238,183,645,0,344,435,0,6,45,45,3272,6776,7900,1,0,1,0,58,131,125,1,-1,5,,632_fv_devilleaderA,bv_devilleader,bv_zombi,Dunno、next,Grr...,Ga...,Gururu...
155,Pazuzu,5,52,-1,4,200,9,0,5,2,11,0,5,10,571,0,251,207,605,0,340,401,0,6,45,45,2978,7502,7300,1,0,1,0,58,131,125,1,-1,5,,632_fv_devilleaderA,bv_devilleader,bv_zombi,Dunno、next,Grr...,Ga...,Gururu...
156,Gargoyle,5,52,-1,4,210,11,0,5,2,10,0,5,10,559,0,269,220,655,0,358,397,0,6,45,45,3084,7025,7100,1,0,1,0,58,131,125,1,-1,5,,632_fv_devilleaderA,bv_devilleader,bv_zombi,Dunno、next,Grr...,Ga...,Gururu...
157,Ashura,5,52,-1,4,199,9,0,5,2,9,0,5,10,588,0,256,189,653,0,383,413,0,6,45,45,3007,6935,8100,1,0,1,0,58,131,125,1,-1,5,,632_fv_devilleaderA,bv_devilleader,bv_zombi,Dunno、next,Grr...,Ga...,Gururu...
158,Ahriman,5,52,-1,4,193,11,0,5,2,10,0,5,10,647,0,257,214,571,0,355,420,0,6,45,45,2779,7288,8300,1,0,1,0,58,131,125,1,-1,5,,632_fv_devilleaderA,bv_devilleader,bv_zombi,Dunno、next,Grr...,Ga...,Gururu...
,Veronica領モブ,,,,,,,,,,,,,,,,,,,,,,,,,,,,,,,,,,,,,,,,,,,,,,
159,Yuri,0,55,85,2,102,0,11,9,11,0,10,2,9,0,508,481,495,0,522,464,558,0,9,54,22,20,1037,2300,1,1,1,0,30,57,118,1,-1,0,,632_fv_devilleaderA,bv_devilleader,bv_devil,Dunno、next,Ugh...,Damn it、let go！,Gah...Retreat!
160,Mikhail,0,55,85,2,120,0,10,11,10,0,10,2,9,0,561,443,482,0,520,476,466,0,10,51,22,21,955,2300,1,1,1,0,30,57,118,1,-1,0,,632_fv_devilleaderA,bv_devilleader,bv_devil,Dunno、next,Crap...,Damn it、let go！,Gah...Retreat!
161,Raphael,0,55,100,2,119,0,11,10,11,0,11,2,10,0,553,462,459,0,558,473,510,0,9,53,22,22,924,2300,1,1,1,0,30,57,118,1,-1,0,,632_fv_devilleaderA,bv_devilleader,bv_devil,Dunno、next,Ugh...,Damn it、let go！,Gah...Retreat!
162,Loriel,0,55,96,2,119,0,11,10,10,0,10,2,9,0,470,425,535,0,478,488,545,0,9,54,19,20,1047,2300,1,1,1,0,30,57,118,1,-1,0,,632_fv_devilleaderA,bv_devilleader,bv_devil,Dunno、next,Ugh...,Damn it、let go！,Gah...Retreat!
163,Gabriel,0,55,82,2,104,0,10,11,10,0,10,2,10,0,558,454,526,0,460,409,482,0,10,47,19,18,1060,2100,1,1,1,0,30,57,118,1,-1,0,,632_fv_devilleaderA,bv_devilleader,bv_devil,Dunno、next,Ugh...,Damn it、let go！,Gah...Retreat!
164,Michael,0,55,80,2,112,0,11,10,9,0,11,2,10,0,547,443,521,0,495,409,460,0,9,55,22,21,1093,2000,1,1,1,0,30,57,118,1,-1,0,,632_fv_devilleaderA,bv_devilleader,bv_devil,Dunno、next,Crap...,Damn it、let go！,Gah...Retreat!
165,Mel,0,55,83,2,120,0,9,10,9,0,11,2,11,0,512,451,537,0,472,471,522,0,9,46,18,22,952,2000,1,1,1,0,30,57,118,1,-1,0,,632_fv_devilleaderA,bv_devilleader,bv_devil,Dunno、next,Ugh...,Damn it、let go！,Gah...Retreat!
166,Tutoria,1,55,99,2,117,0,10,11,9,0,10,2,10,0,541,440,494,0,556,433,510,0,11,46,20,18,1054,2300,1,1,1,0,128,126,119,0,-1,1,,631_fv_magicleaderA,bv_magicleader,bv_magicsoldier,Dunno、next,Ugh...,Damn it、let go！,Gah...Retreat!
167,Lolo,1,55,89,2,109,0,10,9,11,0,10,2,9,0,466,449,557,0,552,483,547,0,11,53,19,21,1056,2100,1,1,1,0,128,126,119,0,-1,1,,631_fv_magicleaderA,bv_magicleader,bv_magicsoldier,Dunno、next,Ugyahhh,Damn it、let go！,Gah...Retreat!
168,Ash,1,55,80,2,118,0,10,9,11,0,11,2,9,0,498,468,475,0,484,475,552,0,9,51,22,22,941,2300,1,1,1,0,128,126,119,0,-1,1,,631_fv_magicleaderA,bv_magicleader,bv_magicsoldier,Dunno、next,Crap...,Damn it、let go！,Gah...Retreat!
169,Cherie,1,55,97,2,105,0,11,10,10,0,9,2,9,0,486,474,483,0,534,427,465,0,10,51,19,19,987,2000,1,1,1,0,128,126,119,0,-1,1,,631_fv_magicleaderA,bv_magicleader,bv_magicsoldier,Dunno、next,Ugh...,Damn it、let go！,Gah...Retreat!
170,Icecap,0,55,80,2,99,0,9,9,9,0,11,2,10,0,471,485,530,0,510,468,532,0,11,55,20,20,940,2200,1,1,1,0,30,57,118,1,-1,0,,632_fv_devilleaderA,bv_devilleader,bv_devil,Dunno、next,Ugh...,Damn it、let go！,Gah...Retreat!
171,Legs,0,55,87,2,101,0,11,11,11,0,10,2,10,0,479,457,545,0,528,479,462,0,9,50,21,18,1012,2100,1,1,1,0,30,57,118,1,-1,0,,632_fv_devilleaderA,bv_devilleader,bv_devil,Dunno、next,Crap...,Damn it、let go！,Gah...Retreat!
172,Digger,2,55,81,2,135,11,0,9,10,9,0,11,2,463,0,496,468,511,0,512,455,0,10,50,20,22,957,3200,1,1,1,0,59,129,120,1,-1,2,,634_fv_leadersoldierA,bv_leadersoldire,bv_slave,Dunno、next,Ugh...,Damn it、let go！,Gah...Retreat!
173,Bravia,2,55,94,2,145,9,0,9,9,11,0,9,2,503,0,489,411,550,0,477,418,0,11,53,19,19,968,3500,1,1,1,0,59,129,120,1,-1,2,,634_fv_leadersoldierA,bv_leadersoldire,bv_slave,Dunno、next,Ugh...,Damn it、let go！,Gah...Retreat!
174,Victoria,2,55,87,2,153,11,0,10,11,9,0,11,2,556,0,539,492,464,0,560,435,0,11,49,18,21,1005,3400,1,1,1,0,59,131,120,1,-1,2,,634_fv_leadersoldierA,bv_leadersoldire,bv_slave,Dunno、next,Ugyahhh,Damn it、let go！,Gah...Retreat!
175,Kujo,2,55,92,2,135,9,0,10,11,10,0,10,2,463,0,492,490,503,0,496,459,0,11,45,18,18,978,3100,1,1,1,0,59,131,120,1,-1,2,,634_fv_leadersoldierA,bv_leadersoldire,bv_slave,Dunno、next,Crap...,Damn it、let go！,Gah...Retreat!
176,Aburiru,3,55,96,2,134,10,0,9,11,10,0,10,2,537,0,545,490,325,0,616,687,0,18,55,21,21,1083,3400,1,1,1,0,28,23,121,0,-1,3,,633_fv_mendakoleaderA,bv_mendakoleader,bv_mendakosoldier,Dunno、next,Ugh...,Damn it、let go！,Gah...Retreat!
177,Cecil,3,55,80,2,129,10,0,10,10,11,0,10,2,465,0,541,420,321,0,647,715,0,18,46,22,18,1086,3600,1,1,1,0,28,23,121,0,-1,3,,633_fv_mendakoleaderA,bv_mendakoleader,bv_mendakosoldier,Dunno、next,Ugh...,Damn it、let go！,Gah...Retreat!
,Ryza領モブ,,,,,,,,,,,,,,,,,,,,,,,,,,,,,,,,,,,,,,,,,,,,,,
178,Hilter,2,60,136,2,131,9,0,9,10,9,0,11,2,535,0,471,408,514,0,533,479,0,11,45,18,19,1079,3800,1,1,1,0,59,129,120,1,-1,2,,634_fv_leadersoldierA,bv_leadersoldire,bv_slave,Dunno、next,Ugh...,Damn it、let go！,Gah...Retreat!
179,Stalin,2,60,108,2,146,11,0,9,9,11,0,11,2,477,0,540,487,509,0,475,492,0,9,54,20,19,1016,3200,1,1,1,0,59,129,120,1,-1,2,,634_fv_leadersoldierA,bv_leadersoldire,bv_slave,Dunno、next,Crap...,Damn it、let go！,Gah...Retreat!
180,Putin,2,60,125,2,153,10,0,9,9,9,0,10,2,473,0,548,493,504,0,531,406,0,11,49,22,18,1051,3600,1,1,1,0,59,131,120,1,-1,2,,634_fv_leadersoldierA,bv_leadersoldire,bv_slave,Dunno、next,Ugh...,Damn it、let go！,Gah...Retreat!
181,Kruschev,2,60,124,2,139,9,0,11,10,10,0,10,2,550,0,516,428,523,0,546,412,0,9,54,21,18,951,3600,1,1,1,0,59,131,120,1,-1,2,,634_fv_leadersoldierA,bv_leadersoldire,bv_slave,Dunno、next,Ugh...,Damn it、let go！,Gah...Retreat!
182,Gilgamesh,3,60,127,2,142,11,0,9,10,9,0,9,2,514,0,467,416,329,0,639,635,0,18,48,20,20,924,3700,1,1,1,0,28,23,121,0,-1,3,,633_fv_mendakoleaderA,bv_mendakoleader,bv_mendakosoldier,Dunno、next,Ugyahhh,Damn it、let go！,Gah...Retreat!
183,Iskander,3,60,125,2,133,9,0,9,9,10,0,11,2,537,0,510,490,294,0,660,626,0,18,50,20,19,989,3500,1,1,1,0,28,23,121,0,-1,3,,633_fv_mendakoleaderA,bv_mendakoleader,bv_mendakosoldier,Dunno、next,Crap...,Damn it、let go！,Gah...Retreat!
184,Musolini,3,60,110,2,137,11,0,10,9,10,0,9,2,506,0,499,483,317,0,649,652,0,18,55,22,21,997,3800,1,1,1,0,28,23,121,0,-1,3,,633_fv_mendakoleaderA,bv_mendakoleader,bv_mendakosoldier,Dunno、next,Ugh...,Damn it、let go！,Gah...Retreat!
185,John Woo,3,60,113,2,153,9,0,9,10,9,0,9,2,474,0,544,438,289,0,643,628,0,18,48,21,18,1076,3800,1,1,1,0,28,23,121,0,-1,3,,633_fv_mendakoleaderA,bv_mendakoleader,bv_mendakosoldier,Dunno、next,Ugh...,Damn it、let go！,Gah...Retreat!
186,Napoleon,0,60,121,2,120,0,11,11,11,0,10,2,9,0,530,438,491,0,515,430,522,0,10,52,19,20,1066,3400,1,1,1,0,30,57,118,1,-1,0,,632_fv_devilleaderA,bv_devilleader,bv_devil,Dunno、next,Crap...,Damn it、let go！,Gah...Retreat!
187,Nobunaga,0,60,146,2,119,0,10,11,9,0,11,2,11,0,543,494,520,0,492,468,476,0,9,54,21,18,959,3300,1,1,1,0,30,57,118,1,-1,0,,632_fv_devilleaderA,bv_devilleader,bv_devil,Dunno、next,Ugh...,Damn it、let go！,Gah...Retreat!
188,Bubirai,0,60,115,2,114,0,10,9,9,0,10,2,9,0,512,413,473,0,554,432,513,0,9,49,18,22,1035,3300,1,1,1,0,30,57,118,1,-1,0,,632_fv_devilleaderA,bv_devilleader,bv_devil,Dunno、next,Ugh...,Damn it、let go！,Gah...Retreat!
189,Recon,0,60,108,2,110,0,10,10,9,0,11,2,10,0,549,433,528,0,540,486,465,0,11,49,19,19,997,3400,1,1,1,0,30,57,118,1,-1,0,,632_fv_devilleaderA,bv_devilleader,bv_devil,Dunno、next,Ugyahhh,Damn it、let go！,Gah...Retreat!
190,Moutaku,1,60,121,2,101,0,11,9,11,0,9,2,9,0,541,485,465,0,521,440,486,0,9,49,20,19,1042,3200,1,1,1,0,128,126,119,0,-1,1,,631_fv_magicleaderA,bv_magicleader,bv_magicsoldier,Dunno、next,Crap...,Damn it、let go！,Gah...Retreat!
191,Tsukumon,1,60,115,2,117,0,11,11,10,0,10,2,9,0,507,410,541,0,497,443,515,0,10,55,20,19,936,3200,1,1,1,0,128,126,119,0,-1,1,,631_fv_magicleaderA,bv_magicleader,bv_magicsoldier,Dunno、next,Ugh...,Damn it、let go！,Gah...Retreat!
192,Arthur,1,60,108,2,104,0,11,11,10,0,9,2,9,0,560,468,468,0,541,484,534,0,10,55,22,18,930,3100,1,1,1,0,128,126,119,0,-1,1,,631_fv_magicleaderA,bv_magicleader,bv_magicsoldier,Dunno、next,Ugh...,Damn it、let go！,Gah...Retreat!
193,Cuupota,1,60,114,2,104,0,10,10,9,0,9,2,9,0,556,467,512,0,498,461,500,0,10,51,21,19,1022,3200,1,1,1,0,128,126,119,0,-1,1,,631_fv_magicleaderA,bv_magicleader,bv_magicsoldier,Dunno、next,Ugh...,Damn it、let go！,Gah...Retreat!
194,Homunculous α,6,60,-1,400,400,10,0,10,10,0,0,0,0,1000,0,350,350,0,0,0,0,0,25,0,20,120,0,0,1,0,1,0,127,57,127,1,-1,6,,648_fv_homunculus,bv_homunculus,bv_homunculus,FATAL ERROR,DANGER,Error - Please report this bug,WARNING
195,Meddler,2,60,150,2,142,10,0,10,9,11,0,10,2,463,0,459,446,513,0,538,456,0,9,51,22,21,1019,4500,1,1,1,0,59,129,120,1,-1,2,,634_fv_leadersoldierA,bv_leadersoldire,bv_slave,Dunno、next,Ugh...,Damn it、let go！,Gah...Retreat!
196,Torin,2,60,122,2,146,10,0,10,10,10,0,11,2,502,0,530,494,501,0,537,410,0,11,55,19,19,936,3800,1,1,1,0,59,129,120,1,-1,2,,634_fv_leadersoldierA,bv_leadersoldire,bv_slave,Dunno、next,Crap...,Damn it、let go！,Gah...Retreat!
197,Kufu Ting,2,60,150,2,127,9,0,9,10,10,0,11,2,474,0,473,450,540,0,467,426,0,9,48,22,19,934,3900,1,1,1,0,59,131,120,1,-1,2,,634_fv_leadersoldierA,bv_leadersoldire,bv_slave,Dunno、next,Ugh...,Damn it、let go！,Gah...Retreat!
198,Burjinoff,2,60,115,2,153,9,0,9,10,11,0,11,2,535,0,499,436,467,0,554,432,0,10,48,19,18,936,4600,1,1,1,0,59,131,120,1,-1,2,,634_fv_leadersoldierA,bv_leadersoldire,bv_slave,Dunno、next,Ugh...,Damn it、let go！,Gah...Retreat!
199,Enkido,3,60,104,2,135,11,0,9,11,10,0,11,2,474,0,520,463,313,0,600,636,0,18,52,22,21,1005,4100,1,1,1,0,28,23,121,0,-1,3,,633_fv_mendakoleaderA,bv_mendakoleader,bv_mendakosoldier,Dunno、next,Ugyahhh,Damn it、let go！,Gah...Retreat!
200,Alexander,3,60,106,2,130,9,0,9,9,9,0,10,2,515,0,536,476,285,0,637,635,0,18,54,20,22,1075,4100,1,1,1,0,28,23,121,0,-1,3,,633_fv_mendakoleaderA,bv_mendakoleader,bv_mendakosoldier,Dunno、next,Crap...,Damn it、let go！,Gah...Retreat!
201,Mutzlinni,3,60,103,2,141,9,0,9,9,9,0,10,2,485,0,558,447,330,0,662,627,0,18,46,22,22,946,3800,1,1,1,0,28,23,121,0,-1,3,,633_fv_mendakoleaderA,bv_mendakoleader,bv_mendakosoldier,Dunno、next,Ugh...,Damn it、let go！,Gah...Retreat!
202,Sean,3,60,129,2,145,9,0,10,11,11,0,11,2,535,0,548,494,280,0,606,616,0,18,50,18,20,1095,4000,1,1,1,0,28,23,121,0,-1,3,,633_fv_mendakoleaderA,bv_mendakoleader,bv_mendakosoldier,Dunno、next,Ugh...,Damn it、let go！,Gah...Retreat!
203,Cabreo,0,60,119,2,100,0,10,11,9,0,9,2,9,0,481,488,525,0,550,410,535,0,9,55,21,19,1100,3600,1,1,1,0,30,57,118,1,-1,0,,632_fv_devilleaderA,bv_devilleader,bv_devil,Dunno、next,Crap...,Damn it、let go！,Gah...Retreat!
204,Ieyasu,0,60,134,2,117,0,11,10,9,0,9,2,10,0,463,475,529,0,503,409,528,0,10,49,21,19,1034,3800,1,1,1,0,30,57,118,1,-1,0,,632_fv_devilleaderA,bv_devilleader,bv_devil,Dunno、next,Ugh...,Damn it、let go！,Gah...Retreat!
205,Han,0,60,138,2,111,0,9,10,9,0,9,2,11,0,471,443,471,0,499,488,543,0,9,54,22,22,1016,4000,1,1,1,0,30,57,118,1,-1,0,,632_fv_devilleaderA,bv_devilleader,bv_devil,Dunno、next,Ugh...,Damn it、let go！,Gah...Retreat!
206,Sanctu,0,60,131,2,104,0,10,9,11,0,9,2,11,0,521,440,470,0,527,456,536,0,9,50,20,21,977,3800,1,1,1,0,30,57,118,1,-1,0,,632_fv_devilleaderA,bv_devilleader,bv_devil,Dunno、next,Ugyahhh,Damn it、let go！,Gah...Retreat!
207,Ensei,1,60,128,2,103,0,9,10,10,0,11,2,11,0,470,426,463,0,519,460,483,0,9,50,22,21,945,3700,1,1,1,0,128,126,119,0,-1,1,,631_fv_magicleaderA,bv_magicleader,bv_magicsoldier,Dunno、next,Crap...,Damn it、let go！,Gah...Retreat!
208,Yasakani,1,60,118,2,119,0,10,9,11,0,9,2,10,0,463,467,459,0,461,453,464,0,11,48,21,21,1044,3900,1,1,1,0,128,126,119,0,-1,1,,631_fv_magicleaderA,bv_magicleader,bv_magicsoldier,Dunno、next,Ugh...,Damn it、let go！,Gah...Retreat!
209,Kusanagi,1,60,150,2,117,0,9,11,11,0,9,2,11,0,547,457,486,0,553,479,509,0,9,46,22,22,1096,3900,1,1,1,0,128,126,119,0,-1,1,,631_fv_magicleaderA,bv_magicleader,bv_magicsoldier,Dunno、next,Ugh...,Damn it、let go！,Gah...Retreat!
210,Yata,1,60,103,2,107,0,11,11,11,0,11,2,9,0,522,469,461,0,532,431,526,0,10,47,18,21,988,3800,1,1,1,0,128,126,119,0,-1,1,,631_fv_magicleaderA,bv_magicleader,bv_magicsoldier,Dunno、next,Ugh...,Damn it、let go！,Gah...Retreat!
211,Giddler,2,65,122,2,147,11,0,10,9,10,0,10,2,467,0,521,485,483,0,531,477,0,9,52,18,18,1063,4700,1,1,1,0,59,129,120,1,-1,2,,634_fv_leadersoldierA,bv_leadersoldire,bv_slave,Dunno、next,Ugh...,Damn it、let go！,Gah...Retreat!
212,Dodonka,2,65,140,2,132,10,0,9,10,11,0,10,2,560,0,520,459,559,0,477,409,0,11,48,21,22,905,5000,1,1,1,0,59,129,120,1,-1,2,,634_fv_leadersoldierA,bv_leadersoldire,bv_slave,Dunno、next,Crap...,Damn it、let go！,Gah...Retreat!
213,Christiano,2,65,136,2,147,11,0,10,11,10,0,9,2,465,0,490,421,459,0,506,490,0,10,54,20,22,1075,5300,1,1,1,0,59,131,120,1,-1,2,,634_fv_leadersoldierA,bv_leadersoldire,bv_slave,Dunno、next,Ugh...,Damn it、let go！,Gah...Retreat!
214,Camu,2,65,111,2,139,11,0,10,9,9,0,11,2,533,0,473,441,505,0,488,478,0,9,52,22,21,1081,4600,1,1,1,0,59,131,120,1,-1,2,,634_fv_leadersoldierA,bv_leadersoldire,bv_slave,Dunno、next,Ugh...,Damn it、let go！,Gah...Retreat!
215,Goliath,3,65,115,2,143,10,0,11,10,9,0,11,2,473,0,530,442,308,0,660,625,0,18,55,21,20,1047,4900,1,1,1,0,28,23,121,0,-1,3,,633_fv_mendakoleaderA,bv_mendakoleader,bv_mendakosoldier,Dunno、next,Ugyahhh,Damn it、let go！,Gah...Retreat!
216,Teto,3,65,148,2,129,11,0,9,9,10,0,11,2,517,0,485,445,327,0,627,620,0,18,46,22,18,935,4700,1,1,1,0,28,23,121,0,-1,3,,633_fv_mendakoleaderA,bv_mendakoleader,bv_mendakosoldier,Dunno、next,Crap...,Damn it、let go！,Gah...Retreat!
217,Rabusta,3,65,128,2,126,10,0,10,9,10,0,10,2,496,0,494,475,305,0,560,627,0,18,47,18,19,938,5300,1,1,1,0,28,23,121,0,-1,3,,633_fv_mendakoleaderA,bv_mendakoleader,bv_mendakosoldier,Dunno、next,Ugh...,Damn it、let go！,Gah...Retreat!
218,Zita,3,65,108,2,144,10,0,11,9,11,0,9,2,483,0,474,486,330,0,592,588,0,18,53,21,21,936,4600,1,1,1,0,28,23,121,0,-1,3,,633_fv_mendakoleaderA,bv_mendakoleader,bv_mendakosoldier,Dunno、next,Ugh...,Damn it、let go！,Gah...Retreat!
219,Big Moe,0,65,126,2,106,0,9,11,11,0,9,2,9,0,500,468,537,0,476,471,483,0,11,53,21,20,1014,4000,1,1,1,0,30,57,118,1,-1,0,,632_fv_devilleaderA,bv_devilleader,bv_devil,Dunno、next,Crap...,Damn it、let go！,Gah...Retreat!
220,Bard Nekkia,0,65,148,2,118,0,11,10,9,0,10,2,10,0,522,415,508,0,471,489,508,0,11,54,22,20,1064,3800,1,1,1,0,30,57,118,1,-1,0,,632_fv_devilleaderA,bv_devilleader,bv_devil,Dunno、next,Ugh...,Damn it、let go！,Gah...Retreat!
221,Zettan,0,65,120,2,100,0,10,9,10,0,9,2,11,0,548,493,461,0,463,455,460,0,9,53,18,19,1035,3900,1,1,1,0,30,57,118,1,-1,0,,632_fv_devilleaderA,bv_devilleader,bv_devil,Dunno、next,Ugh...,Damn it、let go！,Gah...Retreat!
222,Ceros,0,65,113,2,106,0,10,9,10,0,11,2,11,0,489,488,551,0,482,469,515,0,10,50,18,20,925,4000,1,1,1,0,30,57,118,1,-1,0,,632_fv_devilleaderA,bv_devilleader,bv_devil,Dunno、next,Ugyahhh,Damn it、let go！,Gah...Retreat!
223,Gillias,1,65,142,2,117,0,11,10,11,0,11,2,10,0,470,494,473,0,544,491,496,0,9,47,20,22,959,4000,1,1,1,0,128,126,119,0,-1,1,,631_fv_magicleaderA,bv_magicleader,bv_magicsoldier,Dunno、next,Crap...,Damn it、let go！,Gah...Retreat!
224,Rodriguez,1,65,118,2,120,0,9,11,9,0,9,2,10,0,523,411,493,0,473,487,472,0,10,47,21,19,1068,4000,1,1,1,0,128,126,119,0,-1,1,,631_fv_magicleaderA,bv_magicleader,bv_magicsoldier,Dunno、next,Ugh...,Damn it、let go！,Gah...Retreat!
225,Martins,1,65,101,2,110,0,9,11,10,0,11,2,10,0,498,489,541,0,545,473,471,0,11,47,21,19,962,4400,1,1,1,0,128,126,119,0,-1,1,,631_fv_magicleaderA,bv_magicleader,bv_magicsoldier,Dunno、next,Ugh...,Damn it、let go！,Gah...Retreat!
226,Socrates,1,65,148,2,117,0,11,11,11,0,10,2,10,0,535,478,527,0,550,483,559,0,11,54,21,19,1018,4200,1,1,1,0,128,126,119,0,-1,1,,631_fv_magicleaderA,bv_magicleader,bv_magicsoldier,Dunno、next,Ugh...,Damn it、let go！,Gah...Retreat!
227,Arthelios,2,72,135,2,140,10,0,10,10,9,0,11,2,507,0,536,431,548,0,501,454,0,10,51,20,18,988,5800,1,1,1,0,59,129,120,1,-1,2,,634_fv_leadersoldierA,bv_leadersoldire,bv_slave,Dunno、next,Ugh...,Damn it、let go！,Gah...Retreat!
228,Atarii,2,72,142,2,143,9,0,9,11,11,0,10,2,547,0,551,441,517,0,494,454,0,11,54,18,18,951,6300,1,1,1,0,59,129,120,1,-1,2,,634_fv_leadersoldierA,bv_leadersoldire,bv_slave,Dunno、next,Crap...,Damn it、let go！,Gah...Retreat!
229,Pyunta,2,72,112,2,134,9,0,10,10,9,0,10,2,475,0,479,465,519,0,541,470,0,9,45,20,21,1013,5200,1,1,1,0,59,131,120,1,-1,2,,634_fv_leadersoldierA,bv_leadersoldire,bv_slave,Dunno、next,Ugh...,Damn it、let go！,Gah...Retreat!
230,Famuconius,2,72,128,2,135,11,0,9,11,9,0,9,2,486,0,479,466,496,0,545,464,0,9,51,18,21,1020,5800,1,1,1,0,59,131,120,1,-1,2,,634_fv_leadersoldierA,bv_leadersoldire,bv_slave,Dunno、next,Ugh...,Damn it、let go！,Gah...Retreat!
231,Vangerine,3,72,149,2,146,11,0,10,11,9,0,10,2,490,0,518,461,319,0,671,617,0,18,48,20,21,921,5200,1,1,1,0,28,23,121,0,-1,3,,633_fv_mendakoleaderA,bv_mendakoleader,bv_mendakosoldier,Dunno、next,Ugyahhh,Damn it、let go！,Gah...Retreat!
232,Spelunger,3,72,131,2,137,10,0,11,11,9,0,11,2,537,0,528,419,290,0,657,650,0,18,55,21,18,939,5800,1,1,1,0,28,23,121,0,-1,3,,633_fv_mendakoleaderA,bv_mendakoleader,bv_mendakosoldier,Dunno、next,Crap...,Damn it、let go！,Gah...Retreat!
233,Vandasta,3,72,139,2,132,9,0,11,9,9,0,11,2,461,0,538,464,307,0,614,676,0,18,45,21,18,1018,5500,1,1,1,0,28,23,121,0,-1,3,,633_fv_mendakoleaderA,bv_mendakoleader,bv_mendakosoldier,Dunno、next,Ugh...,Damn it、let go！,Gah...Retreat!
234,Kurologger,3,72,136,2,151,11,0,9,11,9,0,9,2,496,0,481,480,328,0,620,672,0,18,46,20,20,1096,5900,1,1,1,0,28,23,121,0,-1,3,,633_fv_mendakoleaderA,bv_mendakoleader,bv_mendakosoldier,Dunno、next,Ugh...,Damn it、let go！,Gah...Retreat!
235,Jarvis,0,72,115,2,109,0,10,9,10,0,11,2,11,0,511,467,548,0,525,410,546,0,11,49,20,18,1012,5300,1,1,1,0,30,57,118,1,-1,0,,632_fv_devilleaderA,bv_devilleader,bv_devil,Dunno、next,Crap...,Damn it、let go！,Gah...Retreat!
236,Ampule,0,72,115,2,116,0,9,10,11,0,10,2,10,0,531,470,503,0,495,476,532,0,11,52,21,21,992,5100,1,1,1,0,30,57,118,1,-1,0,,632_fv_devilleaderA,bv_devilleader,bv_devil,Dunno、next,Ugh...,Damn it、let go！,Gah...Retreat!
237,Volt,0,72,133,2,107,0,10,10,9,0,9,2,10,0,478,441,483,0,503,418,531,0,10,54,22,19,1063,5000,1,1,1,0,30,57,118,1,-1,0,,632_fv_devilleaderA,bv_devilleader,bv_devil,Dunno、next,Ugh...,Damn it、let go！,Gah...Retreat!
238,Watt,0,72,143,2,119,0,11,10,11,0,10,2,10,0,507,491,526,0,499,468,510,0,11,45,20,21,996,5000,1,1,1,0,30,57,118,1,-1,0,,632_fv_devilleaderA,bv_devilleader,bv_devil,Dunno、next,Ugyahhh,Damn it、let go！,Gah...Retreat!
239,Tesla,1,72,124,2,100,0,9,11,10,0,10,2,11,0,497,472,555,0,516,493,552,0,11,55,18,22,957,5500,1,1,1,0,128,126,119,0,-1,1,,631_fv_magicleaderA,bv_magicleader,bv_magicsoldier,Dunno、next,Crap...,Damn it、let go！,Gah...Retreat!
240,Miruru,1,72,117,2,104,0,11,10,10,0,10,2,9,0,505,432,479,0,461,409,537,0,10,48,22,22,1044,4800,1,1,1,0,128,126,119,0,-1,1,,631_fv_magicleaderA,bv_magicleader,bv_magicsoldier,Dunno、next,Ugh...,Damn it、let go！,Gah...Retreat!
241,Mumuru,1,72,142,2,116,0,9,9,10,0,10,2,9,0,483,435,514,0,507,466,487,0,10,47,19,19,1095,5100,1,1,1,0,128,126,119,0,-1,1,,631_fv_magicleaderA,bv_magicleader,bv_magicsoldier,Dunno、next,Ugh...,Damn it、let go！,Gah...Retreat!
242,Kukuru,1,72,100,2,106,0,10,11,9,0,11,2,10,0,510,462,557,0,542,475,559,0,10,49,19,20,1043,5300,1,1,1,0,128,126,119,0,-1,1,,631_fv_magicleaderA,bv_magicleader,bv_magicsoldier,Dunno、next,Ugh...,Damn it、let go！,Gah...Retreat!
243,Heracles,2,78,129,2,138,10,0,10,10,9,0,9,2,464,0,501,438,539,0,470,438,0,10,47,19,18,920,5700,1,1,1,0,59,129,120,1,-1,2,,634_fv_leadersoldierA,bv_leadersoldire,bv_slave,Dunno、next,Ugh...,Damn it、let go！,Gah...Retreat!
244,Hannibal,2,78,127,2,151,10,0,11,9,10,0,11,2,558,0,520,411,540,0,509,486,0,9,50,22,19,1002,6600,1,1,1,0,59,129,120,1,-1,2,,634_fv_leadersoldierA,bv_leadersoldire,bv_slave,Dunno、next,Crap...,Damn it、let go！,Gah...Retreat!
245,Kuserukusesu,2,78,147,2,132,9,0,10,9,10,0,11,2,473,0,499,461,532,0,525,406,0,10,54,20,22,1077,6700,1,1,1,0,59,131,120,1,-1,2,,634_fv_leadersoldierA,bv_leadersoldire,bv_slave,Dunno、next,Ugh...,Damn it、let go！,Gah...Retreat!
246,Leonidus,2,78,119,2,141,11,0,11,9,9,0,9,2,483,0,498,454,552,0,523,416,0,11,49,22,19,989,5700,1,1,1,0,59,131,120,1,-1,2,,634_fv_leadersoldierA,bv_leadersoldire,bv_slave,Dunno、next,Ugh...,Damn it、let go！,Gah...Retreat!
247,Skippio,3,78,138,2,133,10,0,10,10,10,0,10,2,515,0,494,449,335,0,664,588,0,18,50,21,22,985,5600,1,1,1,0,28,23,121,0,-1,3,,633_fv_mendakoleaderA,bv_mendakoleader,bv_mendakosoldier,Dunno、next,Ugyahhh,Damn it、let go！,Gah...Retreat!
248,Agamemunon,3,78,142,2,148,11,0,11,10,9,0,11,2,468,0,465,440,330,0,597,611,0,18,48,21,19,1089,6000,1,1,1,0,28,23,121,0,-1,3,,633_fv_mendakoleaderA,bv_mendakoleader,bv_mendakosoldier,Dunno、next,Crap...,Damn it、let go！,Gah...Retreat!
249,Hector,3,78,121,2,152,10,0,10,11,11,0,11,2,549,0,492,486,310,0,585,596,0,18,52,19,19,943,5700,1,1,1,0,28,23,121,0,-1,3,,633_fv_mendakoleaderA,bv_mendakoleader,bv_mendakosoldier,Dunno、next,Ugh...,Damn it、let go！,Gah...Retreat!
250,Achilles,3,78,102,2,126,10,0,10,10,10,0,9,2,538,0,471,427,305,0,604,627,0,18,50,19,19,930,5800,1,1,1,0,28,23,121,0,-1,3,,633_fv_mendakoleaderA,bv_mendakoleader,bv_mendakosoldier,Dunno、next,Ugh...,Damn it、let go！,Gah...Retreat!
251,Typhon,0,78,138,2,118,0,9,9,11,0,11,2,9,0,486,473,557,0,484,475,500,0,9,50,22,18,951,6700,1,1,1,0,30,57,118,1,-1,0,,632_fv_devilleaderA,bv_devilleader,bv_devil,Dunno、next,Crap...,Damn it、let go！,Gah...Retreat!
252,Gorgon,0,78,104,2,106,0,11,9,11,0,11,2,11,0,493,488,499,0,560,483,469,0,10,51,19,21,990,5800,1,1,1,0,30,57,118,1,-1,0,,632_fv_devilleaderA,bv_devilleader,bv_devil,Dunno、next,Ugh...,Damn it、let go！,Gah...Retreat!
253,Chimera,0,78,125,2,118,0,9,9,10,0,11,2,11,0,468,410,530,0,500,465,508,0,9,48,22,20,947,6300,1,1,1,0,30,57,118,1,-1,0,,632_fv_devilleaderA,bv_devilleader,bv_devil,Dunno、next,Ugh...,Damn it、let go！,Gah...Retreat!
254,Scylla,0,78,147,2,107,0,10,9,10,0,11,2,10,0,493,431,556,0,461,480,514,0,11,46,21,18,907,5900,1,1,1,0,30,57,118,1,-1,0,,632_fv_devilleaderA,bv_devilleader,bv_devil,Dunno、next,Ugyahhh,Damn it、let go！,Gah...Retreat!
255,Satyr,1,78,107,2,109,0,11,10,10,0,9,2,10,0,486,472,532,0,483,413,495,0,11,54,22,22,990,6200,1,1,1,0,128,126,119,0,-1,1,,631_fv_magicleaderA,bv_magicleader,bv_magicsoldier,Dunno、next,Crap...,Damn it、let go！,Gah...Retreat!
256,Talos,1,78,139,2,120,0,10,11,10,0,10,2,10,0,538,425,526,0,552,426,522,0,10,51,19,19,910,6400,1,1,1,0,128,126,119,0,-1,1,,631_fv_magicleaderA,bv_magicleader,bv_magicsoldier,Dunno、next,Ugh...,Damn it、let go！,Gah...Retreat!
257,Orthros,1,78,105,2,119,0,11,9,9,0,10,2,11,0,488,449,498,0,559,478,549,0,11,54,18,18,906,6400,1,1,1,0,128,126,119,0,-1,1,,631_fv_magicleaderA,bv_magicleader,bv_magicsoldier,Dunno、next,Ugh...,Damn it、let go！,Gah...Retreat!
258,Morumo,1,78,119,2,111,0,10,9,9,0,11,2,9,0,485,444,462,0,485,445,490,0,11,47,20,21,1017,6100,1,1,1,0,128,126,119,0,-1,1,,631_fv_magicleaderA,bv_magicleader,bv_magicsoldier,Dunno、next,Ugh...,Damn it、let go！,Gah...Retreat!
259,Homunculus β,6,60,-1,400,400,10,0,10,10,0,0,0,0,1000,0,350,350,0,0,0,0,0,25,0,20,120,0,0,1,0,1,0,127,57,127,1,-1,6,0,648_fv_homunculus,bv_homunculus,bv_homunculus,FATAL ERROR,DANGER,Error - Please report this bug,WARNING
260,Homunculus μ,0,60,-1,400,400,10,0,10,10,0,0,0,0,1000,0,350,350,0,0,0,0,0,25,0,20,120,0,0,1,0,1,0,127,57,127,1,-1,6,0,648_fv_homunculus,bv_homunculus,bv_homunculus,FATAL ERROR,DANGER,Error - Please report this bug,WARNING
261,Homunculus Δ,0,60,-1,400,400,10,0,10,10,0,0,0,0,1000,0,350,350,0,0,0,0,0,25,0,20,120,0,0,1,0,1,0,127,57,127,1,-1,6,0,648_fv_homunculus,bv_homunculus,bv_homunculus,FATAL ERROR,DANGER,Error - Please report this bug,WARNING
262,Homunculus ψ,0,60,-1,400,400,10,0,10,10,0,0,0,0,1000,0,350,350,0,0,0,0,0,25,0,20,120,0,0,1,0,1,0,127,57,127,1,-1,6,0,648_fv_homunculus,bv_homunculus,bv_homunculus,FATAL ERROR,DANGER,Error - Please report this bug,WARNING
263,Homunculus Ω,0,60,-1,400,400,10,0,10,10,0,0,0,0,1000,0,350,350,0,0,0,0,0,25,0,20,120,0,0,1,0,1,0,127,57,127,1,-1,6,0,648_fv_homunculus,bv_homunculus,bv_homunculus,FATAL ERROR,DANGER,Error - Please report this bug,WARNING
264,Homunculus Σ,0,60,-1,400,400,10,0,10,10,0,0,0,0,1000,0,350,350,0,0,0,0,0,25,0,20,120,0,0,1,0,1,0,127,57,127,1,-1,6,0,648_fv_homunculus,bv_homunculus,bv_homunculus,FATAL ERROR,DANGER,Error - Please report this bug,WARNING
265,Homunculus θ,0,60,-1,400,400,10,0,10,10,0,0,0,0,1000,0,350,350,0,0,0,0,0,25,0,20,120,0,0,1,0,1,0,127,57,127,1,-1,6,0,648_fv_homunculus,bv_homunculus,bv_homunculus,FATAL ERROR,DANGER,Error - Please report this bug,WARNING
266,Homunculus λ,0,60,-1,400,400,10,0,10,10,0,0,0,0,1000,0,350,350,0,0,0,0,0,25,0,20,120,0,0,1,0,1,0,127,57,127,1,-1,6,0,648_fv_homunculus,bv_homunculus,bv_homunculus,FATAL ERROR,DANGER,Error - Please report this bug,WARNING
267,Homunculus π,0,60,-1,400,400,10,0,10,10,0,0,0,0,1000,0,350,350,0,0,0,0,0,25,0,20,120,0,0,1,0,1,0,127,57,127,1,-1,6,0,648_fv_homunculus,bv_homunculus,bv_homunculus,FATAL ERROR,DANGER,Error - Please report this bug,WARNING
268,Missing,0,1,1,1,1,1,1,1,1,1,1,1,1,1,1,1,1,1,1,1,1,0,1,1,1,1,1,1,1,1,1,1,1,1,1,1,0,1,,,,,,,,
269,Missing,0,1,1,1,1,1,1,1,1,1,1,1,1,1,1,1,1,1,1,1,1,0,1,1,1,1,1,1,1,1,1,1,1,1,1,1,0,1,,,,,,,,
,イベント用,,,,,,,,,,,,,,,,,,,,,,,,,,,,,,,,,,,,,,,,,,,,,,
270,Meeg,0,10,-1,2,90,0,600,10,13,0,12,8,12,0,600,570,600,0,493,482,518,0,12,0,12,50,500,0,0,1,0,0,0,52,118,0,-1,0,030_cv_migA,642_fv_migA,bv_mig,bv_magicsoldier,ムカツクガキだが、なんていうか、昔の自分を見ているみたいでなぁ……。複雑な気分だ……。,おばあ…ちゃん……ねむいよ…,Error - Please report this bug,し、師匠……
271,Giant Lizard,4,10,-1,50,50,500,0,0,0,0,0,0,0,500,0,0,0,0,0,0,0,0,5,0,5,20,1075,0,1,0,1,0,60,131,122,2,-1,4,,635_fv_dragonleaderA,bv_dragonleader,bv_dragon,Dunno、next,GAOOOOOOOOOOOOOO!!!,Gyaoooo......!,Gaooooooon!!
272,Missing,0,1,1,1,1,1,1,1,1,1,1,1,1,1,1,1,1,1,1,1,1,0,1,1,1,1,1,1,1,1,1,1,1,1,1,1,0,1,,,,,,,,
273,Missing,0,1,1,1,1,1,1,1,1,1,1,1,1,1,1,1,1,1,1,1,1,0,1,1,1,1,1,1,1,1,1,1,1,1,1,1,0,1,,,,,,,,
274,Missing,0,1,1,1,1,1,1,1,1,1,1,1,1,1,1,1,1,1,1,1,1,0,1,1,1,1,1,1,1,1,1,1,1,1,1,1,0,1,,,,,,,,
275,Missing,0,1,1,1,1,1,1,1,1,1,1,1,1,1,1,1,1,1,1,1,1,0,1,1,1,1,1,1,1,1,1,1,1,1,1,1,0,1,,,,,,,,
276,Missing,0,1,1,1,1,1,1,1,1,1,1,1,1,1,1,1,1,1,1,1,1,0,1,1,1,1,1,1,1,1,1,1,1,1,1,1,0,1,,,,,,,,
277,Missing,0,1,1,1,1,1,1,1,1,1,1,1,1,1,1,1,1,1,1,1,1,0,1,1,1,1,1,1,1,1,1,1,1,1,1,1,0,1,,,,,,,,
278,Missing,0,1,1,1,1,1,1,1,1,1,1,1,1,1,1,1,1,1,1,1,1,0,1,1,1,1,1,1,1,1,1,1,1,1,1,1,0,1,,,,,,,,
279,Missing,0,1,1,1,1,1,1,1,1,1,1,1,1,1,1,1,1,1,1,1,1,0,1,1,1,1,1,1,1,1,1,1,1,1,1,1,0,1,,,,,,,,
280,Missing,0,1,1,1,1,1,1,1,1,1,1,1,1,1,1,1,1,1,1,1,1,0,1,1,1,1,1,1,1,1,1,1,1,1,1,1,0,1,,,,,,,,
281,Missing,0,1,1,1,1,1,1,1,1,1,1,1,1,1,1,1,1,1,1,1,1,0,1,1,1,1,1,1,1,1,1,1,1,1,1,1,0,1,,,,,,,,
282,Missing,0,1,1,1,1,1,1,1,1,1,1,1,1,1,1,1,1,1,1,1,1,0,1,1,1,1,1,1,1,1,1,1,1,1,1,1,0,1,,,,,,,,
283,Missing,0,1,1,1,1,1,1,1,1,1,1,1,1,1,1,1,1,1,1,1,1,0,1,1,1,1,1,1,1,1,1,1,1,1,1,1,0,1,,,,,,,,
284,Missing,0,1,1,1,1,1,1,1,1,1,1,1,1,1,1,1,1,1,1,1,1,0,1,1,1,1,1,1,1,1,1,1,1,1,1,1,0,1,,,,,,,,
285,Missing,0,1,1,1,1,1,1,1,1,1,1,1,1,1,1,1,1,1,1,1,1,0,1,1,1,1,1,1,1,1,1,1,1,1,1,1,0,1,,,,,,,,
286,Torianna,0,25,-1,2,80,0,15,10,13,0,12,8,12,0,550,420,560,0,529,433,512,0,12,150,12,50,500,1500,0,0,0,0,10,11,118,0,-1,0,004_cv_triainaA,604_fv_triainaA,bv_triaina,bv_neomagicsoldier,冷たい女だ。この前あいつの洗濯物と一緒に洗濯された私のドロワーズがカチコチになって返ってきた。あいつの洗濯物は私のに絶対混ぜるなってチシャにきつく言っとかなきゃな,うそ…でしょ……,ここまでね……,退くわ！
287,Olivia,1,15,-1,2,60,0,15,10,13,0,12,8,12,0,480,380,480,0,478,419,461,0,12,70,12,50,500,1200,0,0,0,0,12,13,119,0,-1,1,005_cv_oriviaA,605_fv_oriviaA,bv_orivia,bv_neomagicsoldier,きゃぴきゃぴしてて……なんていうか苦手な奴だ。魔女ならもっとシャキッとしろよなぁ……,いたいよぉ……、たす…けて……,うえっ……ぐす…,に、逃げなきゃ……
288,Marugeru,2,25,150,3,120,5,0,7,5,5,0,5,2,520,0,510,460,483,0,551,437,0,15,110,15,50,500,1800,0,0,0,0,53,54,120,1,-1,2,031_cv_malgerA,643_fv_malgerA,bv_malger,bv_leadersoldier,FATAL ERROR,Error - Please report this bug,Error - Please report this bug,Fall back!
289,Red Pumpkin,2,42,80,3,70,5,0,7,5,5,0,5,2,500,0,450,350,462,0,503,448,0,15,0,15,3000,3000,5000,1,0,0,0,34,35,120,0,-1,2,029_cv_pumpkinfourA,644_fv_pumpminiA,bv_pumpminiA,bv_pumpkin,FATAL ERROR,しっ、しぬぅ……,Error - Please report this bug,Get away from me!
290,Pink Pumpkin,2,42,80,3,70,5,0,7,5,5,0,5,2,500,0,450,350,477,0,522,473,0,15,0,15,3000,3000,5000,1,0,0,0,34,35,120,0,-1,2,029_cv_pumpkinfourA,645_fv_pumpminiB,bv_pumpminiB,bv_pumpkin,FATAL ERROR,しっ、しぬぅ……,Error - Please report this bug,Get away from me!
291,Blue Pumpkin,2,42,80,3,70,5,0,7,5,5,0,5,2,500,0,450,350,489,0,507,452,0,15,0,15,3000,3000,5000,1,0,0,0,34,35,120,0,-1,2,029_cv_pumpkinfourA,646_fv_pumpminiC,bv_pumpminiC,bv_pumpkin,FATAL ERROR,しっ、しぬぅ……,Error - Please report this bug,Get away from me!
292,Silver Pumpkin,2,42,80,3,70,5,0,7,5,5,0,5,2,500,0,450,350,513,0,528,484,0,15,0,15,3000,3000,5000,1,0,0,0,34,35,120,0,-1,2,029_cv_pumpkinfourA,647_fv_pumpminiD,bv_pumpminiD,bv_pumpkin,FATAL ERROR,しっ、しぬぅ……,Error - Please report this bug,Get away from me!
293,Emma,0,15,120,2,60,0,15,10,13,0,12,8,12,0,500,350,400,0,472,428,526,0,12,60,12,50,500,200,0,0,0,0,30,31,118,0,-1,0,020_cv_emaA,620_fv_emaA,bv_ema,bv_magicsoldier,全く面倒かけやがって……。まあそのおかげで領土をさくっと手に入れられたから結果オーライってとこか,い…たい…よ、えみ…る…,いたっ！　ちょっと、優しくしてよ！,やばっ…、に、にげろー！！
294,Alice,0,15,-1,5,200,0,18,12,15,0,12,8,12,0,650,500,630,0,750,450,600,0,10,200,10,50,500,0,0,0,0,100,0,1,118,0,-1,0,000_cv_aliceA,600_fv_aliceA,bv_alice,bv_neomagicsoldier,説明不要だな。クフフフッ！　強くてかっこいい最強の魔女といえば、この私Alice様だ！,Ugh...うそ、だろ……,Error - Please report this bug,Ugh...うそ、だろ……
295,Ryza,0,50,-1,3,100,0,15,10,13,0,12,8,12,0,400,200,400,0,700,180,250,0,12,0,12,50,500,0,1,0,1,0,51,50,121,1,-1,0,027_cv_raisaA,629_fv_raisaA,bv_raisa,bv_majin,FATAL ERROR,Error - Please report this bug,Error - Please report this bug,お、おい……バグらせやがったな、この……
296,Self-employment,2,5,-1,20,430,5,0,7,5,5,0,5,2,250,0,220,150,180,0,180,100,0,15,0,15,150,1500,250,0,0,1,0,58,131,121,0,-1,6,,634_fv_leadersoldierA,bv_leadersoldire,bv_mendakosoldier,FATAL ERROR,ぐっ……,Error - Please report this bug,にっ、にげろーーーー
297,World Tree,1,50,-1,99999,99999,0,0,0,0,0,0,0,0,0,0,0,0,0,0,0,0,0,1,0,1,0,0,0,0,0,1,0,126,126,126,0,-1,6,,,,,FATAL ERROR,Error - Please report this bug,Error - Please report this bug,Error - Please report this bug
298,Intermediate Physics,2,30,-1,25,550,8,0,8,5,8,0,8,5,400,0,250,180,400,0,250,180,0,10,300,10,100,1000,1180,1,0,1,0,58,131,121,1,-1,6,,634_fv_leadersoldierA,bv_leadersoldire,bv_slave,FATAL ERROR,Error - Please report this bug,Error - Please report this bug,Error - Please report this bug
299,Advanced Physics,2,30,-1,30,750,12,0,10,7,12,0,12,8,320,0,270,200,900,0,270,200,0,5,300,5,50,500,590,1,0,1,0,58,131,121,1,-1,6,,634_fv_leadersoldierA,bv_leadersoldire,bv_slave,FATAL ERROR,Error - Please report this bug,Error - Please report this bug,Error - Please report this bug
300,Special Physics,2,30,-1,45,950,15,0,12,12,15,0,15,12,500,0,500,350,2500,0,580,400,0,3,300,3,25,250,295,1,0,1,0,58,131,121,1,-1,6,,634_fv_leadersoldierA,bv_leadersoldire,bv_slave,FATAL ERROR,Error - Please report this bug,Error - Please report this bug,Error - Please report this bug
301,Magic Standards,0,10,-1,20,650,0,15,10,13,0,12,8,12,0,400,200,400,0,700,180,250,0,15,350,15,50,500,250,1,0,1,100,0,1,120,0,-1,6,000_cv_aliceA,600_fv_aliceA,bv_alice,bv_neomagicsoldier,FATAL ERROR,Ugh...うそ、だろ……,ぎゃーーー！　離せこのやろーー！！,ちっ、退却だーー！！！
302,Magical Fish Standards,0,15,35,10,300,0,5,5,7,0,5,2,5,0,300,160,280,0,400,130,200,0,15,300,15,50,500,300,1,0,1,0,30,57,118,0,-1,6,,631_fv_magicleaderA,bv_magicleader,bv_magicsoldier,FATAL ERROR,Ugh...,Damn it、let go！,Gah...Retreat!
303,Physical Standards,2,15,150,20,850,5,0,7,5,5,0,5,2,400,0,400,200,600,0,220,150,0,15,300,15,50,500,500,1,0,1,0,58,131,121,0,-1,6,,631_fv_magicleaderA,bv_magicleader,bv_magicsoldier,FATAL ERROR,Error - Please report this bug,Error - Please report this bug,Error - Please report this bug
304,Pysical Misc. Fish,2,30,-1,20,850,5,0,7,5,5,0,5,2,300,0,280,160,360,0,180,100,0,15,300,15,50,500,500,1,0,1,0,58,131,121,0,-1,6,,631_fv_magicleaderA,bv_magicleader,bv_magicsoldier,FATAL ERROR,Error - Please report this bug,Error - Please report this bug,Error - Please report this bug
,チュートリアル用,,,,,,,,,,,,,,,,,,,,,,,,,,,,,,,,,,,,,,,,,,,,,,
305,Tutor,2,15,73,15,143,9,0,9,11,10,0,11,2,549,0,528,474,546,0,557,488,0,5,50,15,20,1053,1000,1,1,1,0,59,129,120,1,-1,2,,634_fv_leadersoldierA,bv_leadersoldire,bv_slave,Dunno、next,Ugh...,Damn it、let go！,Gah...Retreat!
,,,,,,,,,,,,,,,,,,,,,,,,,,,,,,,,,,,,,,,,,,,,,,,
